timestamp,date_GMT,status,attendance,home_team_name,away_team_name,referee,Game Week,Pre-Match PPG (Home),Pre-Match PPG (Away),home_ppg,away_ppg,home_team_goal_count_half_time,away_team_goal_count_half_time,home_team_first_half_cards,home_team_second_half_cards,away_team_first_half_cards,Home Team Pre-Match xG,Away Team Pre-Match xG,average_goals_per_match_pre_match,btts_percentage_pre_match,over_15_percentage_pre_match,over_25_percentage_pre_match,over_35_percentage_pre_match,over_45_percentage_pre_match,over_15_HT_FHG_percentage_pre_match,over_05_HT_FHG_percentage_pre_match,over_15_2HG_percentage_pre_match,over_05_2HG_percentage_pre_match,average_corners_per_match_pre_match,average_cards_per_match_pre_match,odds_ft_home_team_win,odds_ft_draw,odds_ft_away_team_win,odds_ft_over15,odds_ft_over25,odds_ft_over35,odds_ft_over45,odds_btts_yes,odds_btts_no,stadium_name,total_goal_count
1533927600,Aug 10 2018 - 7:00pm,complete,74439,Manchester United,Leicester City,Andre Marriner,1,0,0,1.89,1.32,1,0,0,2,0,0,0,0,0,0,0,0,0,0,0,0,0,0,0,1.37,4.98,9.81,1.33,2,3.6,7.5,2.05,1.69,Old Trafford (Manchester),3
1533987000,Aug 11 2018 - 11:30am,complete,51749,Newcastle United,Tottenham Hotspur,Martin Atkinson,1,0,0,1.32,1.74,1,2,0,2,1,0,0,0,0,0,0,0,0,0,0,0,0,0,0,4.51,3.77,1.84,1.31,1.95,3.5,5.75,1.83,1.87,St. James' Park (Newcastle upon Tyne),3
1533996000,Aug 11 2018 - 2:00pm,complete,10353,AFC Bournemouth,Cardiff City,Kevin Friend,1,0,0,1.53,0.74,1,0,1,0,1,0,0,0,0,0,0,0,0,0,0,0,0,0,0,2.03,3.51,3.96,1.31,1.95,3.45,6.7,1.83,1.83,Vitality Stadium (Bournemouth- Dorset),2
1533996000,Aug 11 2018 - 2:00pm,complete,24821,Fulham,Crystal Palace,Mike Dean,1,0,0,1.11,1.53,0,1,1,0,1,0,0,0,0,0,0,0,0,0,0,0,0,0,0,2.31,3.44,3.26,1.28,1.87,3.2,7,1.71,2,Craven Cottage (London),2
1533996000,Aug 11 2018 - 2:00pm,complete,24121,Huddersfield Town,Chelsea,Chris Kavanagh,1,0,0,0.47,1.58,0,2,1,1,0,0,0,0,0,0,0,0,0,0,0,0,0,0,0,7.47,4.27,1.51,1.29,1.91,3.3,6.95,2,1.71,John Smith's Stadium (Huddersfield- West Yorkshire),3
1533996000,Aug 11 2018 - 2:00pm,complete,20051,Watford,Brighton & Hove Albion,Jonathan Moss,1,0,0,1.42,0.68,1,0,0,2,1,0,0,0,0,0,0,0,0,0,0,0,0,0,0,2.26,3.35,3.45,1.44,2.35,4.55,9.5,2,1.71,Vicarage Road (Watford),2
1534005000,Aug 11 2018 - 4:30pm,complete,31231,Wolverhampton Wanderers,Everton,Craig Pawson,1,0,0,1.79,1.05,1,1,0,0,2,0,0,0,0,0,0,0,0,0,0,0,0,0,0,2.57,3.39,2.89,1.39,2.2,4.1,9,1.91,1.77,Molineux Stadium (Wolverhampton- West Midlands),4
1534077000,Aug 12 2018 - 12:30pm,complete,53235,Liverpool,West Ham United,Anthony Taylor,1,0,0,2.79,1.11,2,0,1,0,0,0,0,0,0,0,0,0,0,0,0,0,0,0,0,1.33,5.56,9.99,1.11,1.4,2,3.5,1.83,1.87,Anfield (Liverpool),4
1534077000,Aug 12 2018 - 12:30pm,complete,30784,Southampton,Burnley,Graham Scott,1,0,0,1.21,0.89,0,0,0,0,1,0,0,0,0,0,0,0,0,0,0,0,0,0,0,1.93,3.47,4.48,1.47,2.4,4.7,10,2.2,1.59,St. Mary's Stadium (Southampton- Hampshire),0
1534086000,Aug 12 2018 - 3:00pm,complete,59934,Arsenal,Manchester City,Michael Oliver,1,0,0,2.37,2.32,0,1,1,1,1,0,0,0,0,0,0,0,0,0,0,0,0,0,0,3.7,3.81,2.01,1.16,1.51,2.3,4.25,1.51,2.35,Emirates Stadium (London),2
1534591800,Aug 18 2018 - 11:30am,complete,30720,Cardiff City,Newcastle United,Craig Pawson,2,0,0,1.05,1.05,0,0,0,2,2,0,0,0,0,0,0,0,0,0,0,0,0,0,0,3.01,3.11,2.66,1.48,2.45,4.8,10,2,1.71,Cardiff City Stadium (Cardiff (Caerdydd)),0
1534600800,Aug 18 2018 - 2:00pm,complete,38601,Everton,Southampton,Lee Mason,2,0,0,1.79,0.84,2,0,0,0,4,0,0,0,0,0,0,0,0,0,0,0,0,0,0,2.07,3.36,4.02,1.33,2.05,3.65,7.7,1.91,1.77,Goodison Park (Liverpool),3
1534600800,Aug 18 2018 - 2:00pm,complete,32043,Leicester City,Wolverhampton Wanderers,Mike Dean,2,0,0,1.42,1.21,2,0,0,3,0,0,0,0,0,0,0,0,0,0,0,0,0,0,0,2.08,3.48,3.83,1.36,2.1,3.9,7.5,1.91,1.8,King Power Stadium (Leicester- Leicestershire),2
1534600800,Aug 18 2018 - 2:00pm,complete,58297,Tottenham Hotspur,Fulham,Anthony Taylor,2,0,0,2,0.26,1,0,0,0,0,0,0,0,0,0,0,0,0,0,0,0,0,0,0,1.28,6.05,9.99,1.13,1.43,2.1,3.3,1.83,1.83,Wembley Stadium (London),4
1534600800,Aug 18 2018 - 2:00pm,complete,56888,West Ham United,AFC Bournemouth,Stuart Attwell,2,0,0,1.63,0.84,1,0,1,5,1,0,0,0,0,0,0,0,0,0,0,0,0,0,0,2.24,3.52,3.35,1.23,1.71,2.8,5.5,1.62,2.15,London Stadium (London),3
1534609800,Aug 18 2018 - 4:30pm,complete,40491,Chelsea,Arsenal,Martin Atkinson,2,0,0,2.21,1.32,2,2,0,0,1,0,0,0,0,0,0,0,0,0,0,0,0,0,0,1.91,3.95,4.2,1.18,1.59,2.45,4.6,1.57,2.25,Stamford Bridge (London),5
1534681800,Aug 19 2018 - 12:30pm,complete,18822,Burnley,Watford,Paul Tierney,2,0,0,1.21,1.21,1,1,0,1,1,0,0,0,0,0,0,0,0,0,0,0,0,0,0,2.4,3.08,3.46,1.49,2.5,4.9,10.5,2.1,1.65,Turf Moor (Burnley),4
1534681800,Aug 19 2018 - 12:30pm,complete,54021,Manchester City,Huddersfield Town,Andre Marriner,2,0,0,2.84,0.37,3,1,0,0,0,0,0,0,0,0,0,0,0,0,0,0,0,0,0,1.09,9.99,9.99,1.09,1.34,1.87,3,2.8,1.38,Etihad Stadium (Manchester),7
1534690800,Aug 19 2018 - 3:00pm,complete,30592,Brighton & Hove Albion,Manchester United,Kevin Friend,2,0,0,1.21,1.58,3,1,0,1,1,0,0,0,0,0,0,0,0,0,0,0,0,0,0,5.29,3.56,1.79,1.38,2.15,4.05,8.1,2,1.69,The American Express Community Stadium (Falmer- East Sussex),5
1534791600,Aug 20 2018 - 7:00pm,complete,25750,Crystal Palace,Liverpool,Michael Oliver,2,0,0,1.05,2.32,0,1,1,1,0,0,0,0,0,0,0,0,0,0,0,0,0,0,0,6.76,4.74,1.49,1.16,1.53,2.3,4.25,1.71,2,Selhurst Park (London),2
1535196600,Aug 25 2018 - 11:30am,complete,31222,Wolverhampton Wanderers,Manchester City,Martin Atkinson,3,1,3,1.79,2.32,0,0,1,0,1,1.41,1.91,3,50,100,50,50,0,50,100,50,100,12,2,9.99,6.28,1.27,1.16,1.53,2.35,4.6,1.95,1.77,Molineux Stadium (Wolverhampton- West Midlands),2
1535205600,Aug 25 2018 - 2:00pm,complete,10654,AFC Bournemouth,Everton,Lee Probert,3,3,1,1.53,1.05,0,0,0,1,1,1.5,1.34,3,50,100,50,50,0,50,100,50,100,13,4,2.52,3.32,3.02,1.25,1.77,2.95,6,1.61,2.15,Vitality Stadium (Bournemouth- Dorset),4
1535205600,Aug 25 2018 - 2:00pm,complete,59830,Arsenal,West Ham United,Graham Scott,3,0,0,2.37,1.11,1,1,0,1,1,1.11,0.75,3,0,100,50,50,0,50,100,50,100,6,4,1.51,4.59,6.65,1.12,1.42,2.05,3.7,1.62,2.15,Emirates Stadium (London),4
1535205600,Aug 25 2018 - 2:00pm,complete,21193,Huddersfield Town,Cardiff City,Michael Oliver,3,0,0,0.47,0.74,0,0,0,1,0,0.9,0.89,2.5,0,100,50,0,0,50,100,0,100,6,3,2.25,3.21,3.66,1.53,2.65,5.3,10.5,2.2,1.59,John Smith's Stadium (Huddersfield- West Yorkshire),0
1535205600,Aug 25 2018 - 2:00pm,complete,29925,Southampton,Leicester City,Jonathan Moss,3,1,0,1.21,1.32,0,0,1,2,0,1.29,1.46,1.5,50,50,50,0,0,0,50,50,50,13,1,2.44,3.21,3.25,1.42,2.25,4.35,8.3,1.95,1.77,St. Mary's Stadium (Southampton- Hampshire),3
1535214600,Aug 25 2018 - 4:30pm,complete,53294,Liverpool,Brighton & Hove Albion,Chris Kavanagh,3,3,0,2.79,0.68,1,0,0,1,0,2.12,0.65,3,0,100,50,50,0,50,100,50,100,7,3,1.18,7.93,9.99,1.12,1.42,2.05,3.5,2.4,1.51,Anfield (Liverpool),1
1535286600,Aug 26 2018 - 12:30pm,complete,20014,Watford,Crystal Palace,Anthony Taylor,3,3,3,1.42,1.53,0,0,2,2,1,1.78,1.81,2,0,100,0,0,0,0,100,0,100,13,4,2.49,3.31,3.07,1.32,2,3.55,8,1.77,1.91,Vicarage Road (Watford),3
1535295600,Aug 26 2018 - 3:00pm,complete,23438,Fulham,Burnley,David Coote,3,0,1,1.11,0.89,3,2,0,2,0,1.67,1.69,1,0,50,0,0,0,0,50,0,50,10,2,2.48,3.2,3.19,1.38,2.15,4.05,7.9,1.91,1.8,Craven Cottage (London),6
1535295600,Aug 26 2018 - 3:00pm,complete,51791,Newcastle United,Chelsea,Paul Tierney,3,0,3,1.32,1.58,0,0,0,3,1,1.18,1.17,3,50,100,100,0,0,100,100,0,50,8,3,5.2,3.7,1.76,1.25,1.77,2.95,5.65,1.77,1.95,St. James' Park (Newcastle upon Tyne),3
1535396400,Aug 27 2018 - 7:00pm,complete,74400,Manchester United,Tottenham Hotspur,Craig Pawson,3,3,3,1.89,1.74,0,0,1,1,2,1.25,1.58,3,100,100,100,0,0,50,100,50,50,7,4,2.19,3.45,3.53,1.27,1.83,3.15,6.6,1.61,2.15,Old Trafford (Manchester),3
1535801400,Sep 01 2018 - 11:30am,complete,32149,Leicester City,Liverpool,Paul Tierney,4,3,3,1.42,2.32,0,2,0,3,0,0.81,1.7,2,0,100,0,0,0,50,100,0,50,8,5,6.34,4.59,1.53,1.21,1.67,2.7,4.9,1.87,1.8,King Power Stadium (Leicester- Leicestershire),3
1535810400,Sep 01 2018 - 2:00pm,complete,30526,Brighton & Hove Albion,Fulham,Lee Probert,4,3,0,1.21,0.26,0,1,1,2,0,0.97,1.04,4.5,100,100,100,100,50,50,100,50,100,5,1,2.19,3.35,3.63,1.28,1.87,3.2,6.2,1.71,2,The American Express Community Stadium (Falmer- East Sussex),4
1535810400,Sep 01 2018 - 2:00pm,complete,40178,Chelsea,AFC Bournemouth,Lee Mason,4,3,3,2.21,0.84,0,0,1,1,1,2.47,1.31,4,100,100,100,50,50,50,100,50,100,9,2,1.29,5.98,9.99,1.12,1.42,2.05,3.68,1.69,2,Stamford Bridge (London),2
1535810400,Sep 01 2018 - 2:00pm,complete,25495,Crystal Palace,Southampton,Martin Atkinson,4,0,0,1.05,0.84,0,0,0,1,0,1.03,1.33,2.5,50,100,50,0,0,50,100,0,100,11,8,2.03,3.42,4.11,1.31,1.95,3.5,7.6,1.77,1.91,Selhurst Park (London),2
1535810400,Sep 01 2018 - 2:00pm,complete,38767,Everton,Huddersfield Town,Stuart Attwell,4,3,0,1.79,0.37,1,1,0,3,1,1.69,0.59,5,100,100,100,50,50,100,100,50,100,5,2,1.5,4.34,7.53,1.35,2.1,3.8,6.9,2.1,1.65,Goodison Park (Liverpool),2
1535810400,Sep 01 2018 - 2:00pm,complete,59947,West Ham United,Wolverhampton Wanderers,Chris Kavanagh,4,0,0,1.63,1.21,0,0,1,1,0,1.39,1.53,2.5,50,100,50,0,0,50,100,50,50,15,7,2.54,3.35,2.96,1.33,2,3.6,5.75,1.77,1.95,London Stadium (London),1
1535819400,Sep 01 2018 - 4:30pm,complete,53946,Manchester City,Newcastle United,Kevin Friend,4,3,1,2.84,1.05,1,1,0,0,0,3.23,1.22,3.5,50,50,50,50,50,50,50,50,50,15,4,1.12,9.99,9.99,1.08,1.31,1.8,3.1,2.15,1.61,Etihad Stadium (Manchester),3
1535891400,Sep 02 2018 - 12:30pm,complete,32316,Cardiff City,Arsenal,Anthony Taylor,4,1,0,1.05,1.32,1,1,0,3,1,1.03,1.61,2.5,50,50,50,50,50,50,50,0,50,6,4,5.54,4.07,1.66,1.22,1.69,2.75,5.4,1.77,1.95,Cardiff City Stadium (Cardiff (Caerdydd)),5
1535900400,Sep 02 2018 - 3:00pm,complete,21525,Burnley,Manchester United,Jonathan Moss,4,0,0,1.21,1.58,0,2,0,2,1,1.09,1.06,4.5,100,100,100,100,50,100,100,50,100,10,2,5.92,3.59,1.72,1.3,1.95,3.35,8,1.95,1.74,Turf Moor (Burnley),2
1535900400,Sep 02 2018 - 3:00pm,complete,20141,Watford,Tottenham Hotspur,Andre Marriner,4,3,3,1.42,1.74,0,0,0,2,0,1.64,1.34,2.75,50,100,75,0,0,25,50,50,75,10.5,5.5,5.2,4.08,1.69,1.19,1.62,2.55,5.15,1.65,2.1,Vicarage Road (Watford),3
1537011000,Sep 15 2018 - 11:30am,complete,80188,Tottenham Hotspur,Liverpool,Michael Oliver,5,3,3,2,2.32,0,1,0,0,0,2.75,1.46,3.25,75,100,75,50,0,25,100,50,100,10.5,1.5,3.2,3.6,2.3,1.19,1.62,2.55,4.5,1.5,2.4,Wembley Stadium (London),3
1537020000,Sep 15 2018 - 2:00pm,complete,10543,AFC Bournemouth,Leicester City,Craig Pawson,5,2,1.5,1.53,1.32,3,0,1,2,2,1.63,1.35,3,75,100,75,25,0,0,50,75,100,10.5,2.5,2.4,3.45,3.1,1.28,1.87,3.2,5.7,1.67,2.1,Vitality Stadium (Bournemouth- Dorset),6
1537020000,Sep 15 2018 - 2:00pm,complete,40499,Chelsea,Cardiff City,Jonathan Moss,5,3,0.5,2.21,0.74,2,1,0,0,0,2.16,1.18,2.25,25,75,25,25,25,25,50,25,75,11.5,2,1.16,9,21.75,1.13,1.43,2.1,4.3,2.25,1.57,Stamford Bridge (London),5
1537020000,Sep 15 2018 - 2:00pm,complete,23696,Huddersfield Town,Crystal Palace,Lee Mason,5,0.5,1.5,0.47,1.53,0,1,1,0,2,0.83,1.51,2,25,75,50,0,0,25,50,25,75,8.5,4,3.35,3.2,2.45,1.43,2.35,4.5,9.5,1.95,1.74,John Smith's Stadium (Huddersfield- West Yorkshire),1
1537020000,Sep 15 2018 - 2:00pm,complete,53307,Manchester City,Fulham,Stuart Attwell,5,3,0.5,2.84,0.26,2,0,0,0,0,2.79,1.13,4.5,100,100,100,75,25,50,100,75,100,8.5,1.5,1.1,13.75,28.75,1.05,1.2,1.54,2.38,2,1.71,Etihad Stadium (Manchester),3
1537020000,Sep 15 2018 - 2:00pm,complete,52165,Newcastle United,Arsenal,Lee Probert,5,0,1.5,1.32,1.32,0,0,0,0,0,0.93,1.98,4,100,100,100,50,50,75,75,50,75,8.5,5.5,4.55,3.85,1.87,1.2,1.67,2.65,5.45,1.57,2.2,St. James' Park (Newcastle upon Tyne),3
1537029000,Sep 15 2018 - 4:30pm,complete,20537,Watford,Manchester United,Mike Dean,5,3,1.5,1.42,1.58,0,2,2,0,0,1.47,1.56,3.09,59,100,59,25,25,50,67,34,75,10.67,5.67,4.55,3.65,1.91,1.3,1.95,3.35,7.3,1.8,1.87,Vicarage Road (Watford),3
1537101000,Sep 16 2018 - 12:30pm,complete,30406,Wolverhampton Wanderers,Burnley,Andre Marriner,5,1,0.5,1.79,0.89,0,0,0,2,2,1.18,1.38,3,75,75,50,50,25,50,50,50,75,8.5,1.5,1.77,3.55,5.85,1.37,2.15,3.95,8.7,2.05,1.69,Molineux Stadium (Wolverhampton- West Midlands),1
1537110000,Sep 16 2018 - 3:00pm,complete,39161,Everton,West Ham United,Martin Atkinson,5,2,0,1.79,1.11,1,2,1,1,1,1.38,1.1,3.25,75,100,75,50,0,100,100,50,75,6,4,2,3.6,4.15,1.25,1.8,3,6.6,1.69,2.05,Goodison Park (Liverpool),4
1537210800,Sep 17 2018 - 7:00pm,complete,27742,Southampton,Brighton & Hove Albion,Anthony Taylor,5,0.5,0,1.21,0.68,1,0,0,2,0,1.42,0.71,1.5,25,50,25,0,0,0,50,25,50,12.5,3,2.05,3.3,4.2,1.43,2.35,4.45,9,1.95,1.74,St. Mary's Stadium (Southampton- Hampshire),4
1537615800,Sep 22 2018 - 11:30am,complete,23418,Fulham,Watford,Martin Atkinson,6,1.5,3,1.11,1.21,0,1,2,0,0,2.16,1.25,4,75,100,75,75,25,75,100,50,100,7.5,3.5,2.85,3.45,2.55,1.23,1.71,2.8,5.75,1.61,2.15,Craven Cottage (London),2
1537624800,Sep 22 2018 - 2:00pm,complete,18636,Burnley,AFC Bournemouth,Anthony Taylor,6,0,1.5,1.21,0.84,2,0,1,1,0,1.11,1.16,2.75,50,100,50,25,0,50,75,75,75,8.5,3.5,3.05,3.3,2.45,1.3,1.95,3.35,6,1.69,2,Turf Moor (Burnley),4
1537624800,Sep 22 2018 - 2:00pm,complete,32321,Cardiff City,Manchester City,Michael Oliver,6,0.5,2,1.05,2.32,0,3,1,0,0,1.26,1.88,2.25,50,75,25,25,25,25,50,50,75,13,4.5,20.5,8.75,1.15,1.11,1.38,2,3.3,2.15,1.61,Cardiff City Stadium (Cardiff (Caerdydd)),5
1537624800,Sep 22 2018 - 2:00pm,complete,25679,Crystal Palace,Newcastle United,Andre Marriner,6,0,0.5,1.05,1.05,0,0,0,1,1,1.43,0.92,1.75,25,75,25,0,0,25,50,25,75,9,4,2.05,3.4,4.05,1.37,2.15,3.95,8,1.91,1.77,Selhurst Park (London),0
1537624800,Sep 22 2018 - 2:00pm,complete,31676,Leicester City,Huddersfield Town,David Coote,6,1.5,0.5,1.42,0.37,1,1,2,0,0,1.1,0.96,3.5,75,100,50,25,25,100,100,25,50,5.5,6,1.71,3.65,5.7,1.44,2.35,4.55,9.5,2.25,1.57,King Power Stadium (Leicester- Leicestershire),4
1537624800,Sep 22 2018 - 2:00pm,complete,50965,Liverpool,Southampton,Paul Tierney,6,3,1.5,2.79,0.84,3,0,0,0,1,2.19,1.5,2.5,25,75,50,25,0,50,75,50,75,11,4,1.19,7.75,16.25,1.13,1.43,2.1,3.4,2.1,1.67,Anfield (Liverpool),3
1537624800,Sep 22 2018 - 2:00pm,complete,74489,Manchester United,Wolverhampton Wanderers,Kevin Friend,6,1.5,1.5,1.89,1.21,1,0,1,0,0,1.63,1.64,2.25,25,75,50,0,0,25,50,50,75,10,3,1.67,3.95,5.7,1.26,1.8,3.05,7,1.83,1.83,Old Trafford (Manchester),2
1537633800,Sep 22 2018 - 4:30pm,complete,30531,Brighton & Hove Albion,Tottenham Hotspur,Chris Kavanagh,6,2,2,1.21,1.74,0,1,0,2,0,1.33,1.38,3.75,84,100,100,50,25,42,67,59,84,10.67,4,5.4,3.95,1.69,1.25,1.77,2.95,6,1.74,1.95,The American Express Community Stadium (Falmer- East Sussex),3
1537705800,Sep 23 2018 - 12:30pm,complete,56875,West Ham United,Chelsea,Mike Dean,6,0,3,1.63,1.58,0,0,0,2,0,1.35,1.43,2.5,50,75,75,0,0,25,50,50,100,10,5,5.55,4.3,1.61,1.18,1.57,2.45,5,1.65,2.1,London Stadium (London),0
1537714800,Sep 23 2018 - 3:00pm,complete,59964,Arsenal,Everton,Jonathan Moss,6,1.5,1,2.37,1.05,0,0,2,0,1,1.56,1.25,3.5,75,100,75,75,0,50,75,75,100,8.5,5.5,1.43,5.1,7.25,1.12,1.41,2,3.6,1.56,2.3,Emirates Stadium (London),2
1538220600,Sep 29 2018 - 11:30am,complete,56938,West Ham United,Manchester United,Michael Oliver,7,0.33,2,1.63,1.58,2,0,0,0,0,1.14,1.5,2.33,50,67,50,17,17,50,67,17,67,9.67,6.33,4.2,3.6,1.95,1.25,1.8,3,5.75,1.69,2.05,London Stadium (London),4
1538229600,Sep 29 2018 - 2:00pm,complete,60019,Arsenal,Watford,Anthony Taylor,7,2,2,2.37,1.21,0,0,1,1,1,1.47,1.4,2.84,67,100,42,42,0,42,84,59,100,9.67,3.17,1.49,4.75,6.7,1.15,1.5,2.25,3.98,1.59,2.2,Emirates Stadium (London),2
1538229600,Sep 29 2018 - 2:00pm,complete,38788,Everton,Fulham,Roger East,7,1.33,0.33,1.79,0.26,0,0,0,0,1,1.42,1.11,3.34,84,100,84,50,0,67,100,34,84,5.66,2.67,1.67,4.2,5.35,1.16,1.53,2.35,4.2,1.59,2.2,Goodison Park (Liverpool),3
1538229600,Sep 29 2018 - 2:00pm,complete,23885,Huddersfield Town,Tottenham Hotspur,Craig Pawson,7,0.33,2.25,0.47,1.74,0,2,1,1,0,1.03,1.46,2.17,38,67,67,0,0,29,59,38,54,10.67,3.42,6.4,4.05,1.59,1.27,1.87,3.2,6.05,1.91,1.8,John Smith's Stadium (Huddersfield- West Yorkshire),2
1538229600,Sep 29 2018 - 2:00pm,complete,54152,Manchester City,Brighton & Hove Albion,Lee Mason,7,3,0.33,2.84,0.68,1,0,0,0,2,2.66,0.89,3.33,50,84,67,33,17,50,100,33,84,11.67,2,1.09,12,33,1.1,1.36,1.91,3.3,2.35,1.53,Etihad Stadium (Manchester),2
1538229600,Sep 29 2018 - 2:00pm,complete,51523,Newcastle United,Leicester City,Simon Hooper,7,0,1,1.32,1.32,0,1,0,0,0,0.85,1.51,3.5,100,100,100,17,17,33,50,84,84,10.34,3.67,2.75,3.2,2.8,1.43,2.3,4.4,10,1.95,1.77,St. James' Park (Newcastle upon Tyne),2
1538229600,Sep 29 2018 - 2:00pm,complete,31147,Wolverhampton Wanderers,Southampton,Stuart Attwell,7,1.67,1,1.79,0.84,0,0,0,3,0,1.59,1.2,2.5,50,84,50,17,0,50,50,50,84,10,3.67,1.91,3.5,4.55,1.34,2.05,3.75,7.6,1.91,1.8,Molineux Stadium (Wolverhampton- West Midlands),2
1538238600,Sep 29 2018 - 4:30pm,complete,40625,Chelsea,Liverpool,Andre Marriner,7,3,3,2.21,2.32,1,0,0,0,1,2.06,1.61,3.34,67,100,67,34,34,50,84,50,100,10.67,1.67,2.65,3.45,2.7,1.2,1.65,2.6,5,1.54,2.3,Stamford Bridge (London),2
1538319600,Sep 30 2018 - 3:00pm,complete,30411,Cardiff City,Burnley,Martin Atkinson,7,0.33,0.33,1.05,0.89,0,0,0,1,1,1.02,1.24,2.83,33,50,50,50,50,50,50,34,67,6.67,4,2.55,3.05,3.2,1.44,2.35,4.55,9.5,1.95,1.74,Cardiff City Stadium (Cardiff (Caerdydd)),3
1538420400,Oct 01 2018 - 7:00pm,complete,10199,AFC Bournemouth,Crystal Palace,Mike Dean,7,2.33,2,1.53,1.53,1,0,1,2,0,1.47,1.24,3,50,84,50,34,17,17,67,50,84,9.34,4,2.25,3.4,3.35,1.24,1.74,2.9,4.25,1.62,2.1,Vitality Stadium (Bournemouth- Dorset),3
1538766000,Oct 05 2018 - 7:00pm,complete,30544,Brighton & Hove Albion,West Ham United,Kevin Friend,8,1.33,1,1.21,1.11,1,0,1,2,0,1.24,1.11,4,84,100,100,84,17,67,100,67,100,7.67,5.33,2.75,3.3,2.75,1.34,2.05,3.7,5.75,1.83,1.87,The American Express Community Stadium (Falmer- East Sussex),1
1538834400,Oct 06 2018 - 2:00pm,complete,20533,Burnley,Huddersfield Town,Chris Kavanagh,8,1,0.33,1.21,0.37,1,0,0,2,0,1.15,0.95,3.83,67,100,67,67,17,100,100,67,67,5.66,3.67,2.1,3.1,4.2,1.48,2.45,4.8,10.5,2.1,1.65,Turf Moor (Burnley),2
1538834400,Oct 06 2018 - 2:00pm,complete,25715,Crystal Palace,Wolverhampton Wanderers,Michael Oliver,8,0.33,1.33,1.05,1.21,0,0,1,2,0,1.48,1.66,1.5,17,67,0,0,0,17,50,17,67,13,2.67,2.8,3.2,2.75,1.4,2.25,4.2,8.5,1.91,1.77,Selhurst Park (London),1
1538834400,Oct 06 2018 - 2:00pm,complete,32007,Leicester City,Everton,Andre Marriner,8,2,0.67,1.42,1.05,1,1,2,2,1,1.37,1.32,3.17,67,100,67,50,0,67,67,67,84,8.34,6,2.3,3.35,3.35,1.27,1.87,3.2,7,1.71,2,King Power Stadium (Leicester- Leicestershire),3
1538834400,Oct 06 2018 - 2:00pm,complete,43268,Tottenham Hotspur,Cardiff City,Mike Dean,8,1.5,0.33,2,0.74,1,0,0,3,0,1.89,1.09,2.92,67,84,67,42,17,17,84,67,84,10,0.67,1.24,6.4,15,1.14,1.47,2.2,4.6,1.91,1.77,Wembley Stadium (London),1
1538834400,Oct 06 2018 - 2:00pm,complete,20139,Watford,AFC Bournemouth,Jonathan Moss,8,2.25,1,1.42,0.84,0,3,3,2,0,1.45,1.31,2.88,54,100,71,17,0,29,59,75,100,11.75,3.83,2.15,3.55,3.55,1.24,1.74,2.9,6,1.65,2.1,Vicarage Road (Watford),4
1538843400,Oct 06 2018 - 4:30pm,complete,74519,Manchester United,Newcastle United,Anthony Taylor,8,1.33,0.67,1.89,1.05,0,2,1,1,0,1.61,0.93,1.84,50,67,50,0,0,17,50,34,67,7.33,3.34,1.44,4.5,8.5,1.28,1.87,3.2,7.3,2,1.71,Old Trafford (Manchester),5
1538910000,Oct 07 2018 - 11:00am,complete,25401,Fulham,Arsenal,Paul Tierney,8,1.33,2,1.11,1.32,1,1,0,2,0,1.86,1.68,3.83,84,100,67,50,50,50,84,34,100,11,3.67,5.15,4.35,1.65,1.13,1.43,2.1,3.85,1.48,2.45,Craven Cottage (London),6
1538918100,Oct 07 2018 - 1:15pm,complete,27077,Southampton,Chelsea,Craig Pawson,8,0.67,2.33,1.21,1.58,0,1,1,5,0,1.45,1.59,2.17,50,67,67,17,0,17,33,50,67,12.33,2.67,6.1,4.1,1.61,1.25,1.77,2.95,6,1.83,1.87,St. Mary's Stadium (Southampton- Hampshire),3
1538926200,Oct 07 2018 - 3:30pm,complete,52117,Liverpool,Manchester City,Martin Atkinson,8,3,2.33,2.79,2.32,0,0,0,1,1,1.93,1.96,2.84,17,84,50,33,17,50,84,50,67,15,2.34,2.6,3.5,2.75,1.2,1.62,2.6,5.25,1.54,2.3,Anfield (Liverpool),0
1540035000,Oct 20 2018 - 11:30am,complete,40721,Chelsea,Manchester United,Mike Dean,9,2.5,1.5,2.21,1.58,1,0,2,0,2,1.84,1.42,3.5,75,100,63,50,38,75,88,38,88,12,3,1.71,3.95,5.2,1.24,1.74,2.9,5,1.74,1.95,Stamford Bridge (London),4
1540044000,Oct 20 2018 - 2:00pm,complete,10986,AFC Bournemouth,Southampton,Lee Probert,9,2.5,0.75,1.53,0.84,0,0,0,1,2,1.45,1.27,3.13,50,100,63,25,13,38,63,63,88,10,4.5,2.3,3.45,3.25,1.24,1.74,2.9,5.25,1.62,2.1,Vitality Stadium (Bournemouth- Dorset),0
1540044000,Oct 20 2018 - 2:00pm,complete,29681,Cardiff City,Fulham,Kevin Friend,9,0.25,0.25,1.05,0.26,2,2,1,2,3,1.25,0.99,3.38,50,88,88,50,25,38,63,75,88,6.75,3.25,2.5,3.4,2.95,1.25,1.77,2.95,5.5,1.61,2.15,Cardiff City Stadium (Cardiff (Caerdydd)),6
1540044000,Oct 20 2018 - 2:00pm,complete,54094,Manchester City,Burnley,Jonathan Moss,9,3,1,2.84,0.89,1,0,1,1,2,2.68,1.11,3.13,50,75,63,25,25,50,63,25,88,11.75,2.25,1.07,15.5,33.75,1.06,1.25,1.67,2.37,2.3,1.54,Etihad Stadium (Manchester),5
1540044000,Oct 20 2018 - 2:00pm,complete,50329,Newcastle United,Brighton & Hove Albion,Andre Marriner,9,0,0.25,1.32,0.68,0,1,0,0,1,0.82,0.78,2.5,50,88,50,13,0,13,75,38,75,9,3.5,2.2,3.2,3.8,1.48,2.45,4.8,11,2.1,1.65,St. James' Park (Newcastle upon Tyne),1
1540044000,Oct 20 2018 - 2:00pm,complete,56921,West Ham United,Tottenham Hotspur,Martin Atkinson,9,1,2.4,1.63,1.74,0,1,0,3,0,1.14,1.45,2.4,55,75,65,13,0,33,55,55,68,8.55,4.3,3.95,3.7,1.95,1.19,1.62,2.55,4.4,1.57,2.25,London Stadium (London),1
1540044000,Oct 20 2018 - 2:00pm,complete,31144,Wolverhampton Wanderers,Watford,Lee Mason,9,2,1.33,1.79,1.21,0,2,1,2,0,1.59,1.45,2.46,59,88,29,29,0,29,46,71,100,11.33,3.17,1.77,3.6,5.5,1.31,1.95,3.5,7,1.87,1.8,Molineux Stadium (Wolverhampton- West Midlands),2
1540053000,Oct 20 2018 - 4:30pm,complete,24263,Huddersfield Town,Liverpool,Michael Oliver,9,0.25,2.5,0.47,2.32,0,1,0,0,1,1.12,1.65,2,38,75,38,0,0,38,88,13,63,9,3,10.75,5.6,1.33,1.24,1.74,2.9,4.75,2.2,1.59,John Smith's Stadium (Huddersfield- West Yorkshire),1
1540134000,Oct 21 2018 - 3:00pm,complete,38668,Everton,Crystal Palace,Anthony Taylor,9,1.75,1.5,1.79,1.53,0,0,1,1,0,1.48,1.19,2.63,63,88,63,13,0,38,75,38,75,9,3.75,1.83,3.55,4.85,1.31,1.95,3.5,6.5,1.87,1.83,Goodison Park (Liverpool),2
1540234800,Oct 22 2018 - 7:00pm,complete,59886,Arsenal,Leicester City,Chris Kavanagh,9,2.25,1.5,2.37,1.32,1,1,2,0,0,1.41,1.48,3,50,100,50,25,13,25,63,75,100,10.75,3.25,1.51,4.6,6.5,1.16,1.51,2.3,4.25,1.61,2.15,Emirates Stadium (London),4
1540648800,Oct 27 2018 - 2:00pm,complete,30654,Brighton & Hove Albion,Wolverhampton Wanderers,Anthony Taylor,10,1.75,1.75,1.21,1.21,0,0,0,3,0,1.27,1.48,2.38,50,63,38,25,13,25,75,25,75,9.25,4,3.2,3.15,2.5,1.47,2.4,4.7,9.5,2.05,1.69,The American Express Community Stadium (Falmer- East Sussex),1
1540648800,Oct 27 2018 - 2:00pm,complete,25071,Fulham,AFC Bournemouth,Andre Marriner,10,1,1.5,1.11,0.84,0,1,1,3,0,1.78,1.38,3.63,50,100,63,50,25,50,88,50,100,12,3,2.95,3.7,2.35,1.16,1.53,2.3,4.2,1.47,2.5,Craven Cottage (London),3
1540648800,Oct 27 2018 - 2:00pm,complete,53373,Liverpool,Cardiff City,Stuart Attwell,10,2.5,0.25,2.79,0.74,1,0,0,0,0,1.69,1.16,2,13,50,38,25,13,38,75,25,38,9.25,2,1.1,10.5,30,1.11,1.38,2,3.2,2.45,1.48,Anfield (Liverpool),5
1540648800,Oct 27 2018 - 2:00pm,complete,30736,Southampton,Newcastle United,Chris Kavanagh,10,0.5,0.5,1.21,1.05,0,0,0,0,0,1.48,1.15,2.25,50,63,63,25,13,25,50,50,63,9.75,4.5,2.1,3.35,3.85,1.43,2.35,4.5,9.5,2.05,1.69,St. Mary's Stadium (Southampton- Hampshire),0
1540648800,Oct 27 2018 - 2:00pm,complete,20457,Watford,Huddersfield Town,Mike Dean,10,1.8,0.5,1.42,0.37,2,0,0,1,1,1.34,1.04,3.38,80,100,65,35,13,58,80,45,88,10.85,5,1.74,3.6,5.45,1.4,2.25,4.2,8.1,2.05,1.69,Vicarage Road (Watford),3
1540657800,Oct 27 2018 - 4:30pm,complete,31848,Leicester City,West Ham United,Michael Oliver,10,1.5,0.75,1.42,1.11,0,1,0,1,1,1.27,1.3,3.13,63,88,75,50,0,88,100,38,75,6.75,6.25,2.2,3.35,3.4,1.29,1.91,3.3,7.6,1.77,1.95,King Power Stadium (Leicester- Leicestershire),2
1540733400,Oct 28 2018 - 1:30pm,complete,21430,Burnley,Chelsea,Craig Pawson,10,1,2.5,1.21,1.58,0,1,1,3,2,1.05,1.62,2.63,38,88,63,25,0,50,75,50,75,10.25,2.5,10.5,4.95,1.36,1.23,1.71,2.8,6.6,2.05,1.67,Turf Moor (Burnley),4
1540733400,Oct 28 2018 - 1:30pm,complete,25718,Crystal Palace,Arsenal,Martin Atkinson,10,0.25,2.25,1.05,1.32,1,0,1,0,0,1.48,1.65,3,50,75,50,38,38,38,50,50,88,11,3.5,4.85,4.2,1.71,1.18,1.57,2.45,3.8,1.61,2.2,Selhurst Park (London),4
1540742400,Oct 28 2018 - 4:00pm,complete,74525,Manchester United,Everton,Jonathan Moss,10,1.75,1.25,1.89,1.05,1,0,2,0,1,1.8,1.47,3.25,75,100,75,38,13,38,63,75,100,12.25,4.25,1.74,3.9,5.05,1.24,1.74,2.9,5.1,1.74,1.95,Old Trafford (Manchester),3
1540843200,Oct 29 2018 - 8:00pm,complete,56854,Tottenham Hotspur,Manchester City,Kevin Friend,10,2,2,2,2.32,0,1,1,1,0,1.94,1.7,2.46,46,71,46,29,13,13,75,59,71,13.58,3,5.35,4.25,1.65,1.19,1.61,2.5,4.9,1.62,2.15,Wembley Stadium (London),1
1541248200,Nov 03 2018 - 12:30pm,complete,10792,AFC Bournemouth,Manchester United,Paul Tierney,11,2.2,1.4,1.53,1.58,1,1,0,4,0,1.39,1.36,3.3,70,90,70,50,20,50,80,50,80,11.2,5,3.9,3.65,2.05,1.24,1.74,2.9,6.6,1.67,2.1,Vitality Stadium (Bournemouth- Dorset),3
1541257200,Nov 03 2018 - 3:00pm,complete,30877,Cardiff City,Leicester City,Lee Probert,11,0.8,1.2,1.05,1.32,0,0,1,1,1,1.37,1.36,3.7,70,90,80,50,40,50,70,80,90,10,3.6,3.4,3.3,2.35,1.33,2.05,3.65,8.4,1.83,1.87,Cardiff City Stadium (Cardiff (Caerdydd)),1
1541257200,Nov 03 2018 - 3:00pm,complete,38966,Everton,Brighton & Hove Albion,David Coote,11,2,0.8,1.79,0.68,1,1,0,0,1,1.55,0.81,2.4,40,80,40,20,0,30,80,30,70,9.6,3.6,1.61,4,6.95,1.31,1.95,3.5,8.2,2,1.71,Goodison Park (Liverpool),4
1541257200,Nov 03 2018 - 3:00pm,complete,49157,Newcastle United,Watford,Craig Pawson,11,0,1.75,1.32,1.21,0,0,0,1,1,1.14,1.32,2.45,55,90,43,13,0,35,68,45,68,10.9,2.5,2.8,3.25,2.8,1.39,2.2,4.15,10,1.91,1.8,St. James' Park (Newcastle upon Tyne),1
1541257200,Nov 03 2018 - 3:00pm,complete,56862,West Ham United,Burnley,Roger East,11,0.8,0.8,1.63,0.89,1,1,1,0,0,1.24,0.98,2.4,40,50,50,30,20,20,50,40,70,7.8,4.8,1.67,4,5.95,1.26,1.83,3.1,7.6,1.83,1.87,London Stadium (London),6
1541266200,Nov 03 2018 - 5:30pm,complete,59993,Arsenal,Liverpool,Andre Marriner,11,2.4,2.6,2.37,2.32,0,0,0,1,0,1.55,1.52,2.5,50,90,40,20,0,30,80,50,90,9.8,3.2,4,3.95,1.95,1.15,1.5,2.25,4.2,1.49,2.45,Emirates Stadium (London),2
1541274300,Nov 03 2018 - 7:45pm,complete,31185,Wolverhampton Wanderers,Tottenham Hotspur,Mike Dean,11,1.6,2.5,1.79,1.74,0,2,1,0,0,1.48,1.36,2.35,45,82,44,10,0,37,54,55,65,11.4,3.3,3.5,3.4,2.25,1.31,1.95,3.45,7.4,1.67,2.1,Molineux Stadium (Wolverhampton- West Midlands),5
1541343600,Nov 04 2018 - 3:00pm,complete,53916,Manchester City,Southampton,Lee Mason,11,3,0.8,2.84,0.84,4,1,1,0,1,2.61,1.24,3,30,90,60,20,20,50,70,40,80,13.6,2.6,1.13,10.75,23.25,1.09,1.32,1.8,3.3,2.1,1.65,Etihad Stadium (Manchester),7
1541347200,Nov 04 2018 - 4:00pm,complete,40407,Chelsea,Crystal Palace,Michael Oliver,11,2.2,1.2,2.21,1.53,1,0,0,0,0,1.86,1.18,2.9,60,90,50,30,20,20,70,60,90,9,3,1.32,5.85,10.5,1.17,1.56,2.4,4.8,1.83,1.83,Stamford Bridge (London),4
1541448000,Nov 05 2018 - 8:00pm,complete,17082,Huddersfield Town,Fulham,Anthony Taylor,11,0.2,0.2,0.47,0.26,1,0,0,1,1,1.1,1.03,2.7,30,70,60,30,10,40,80,40,60,6.2,3.2,2.4,3.35,3.3,1.32,2,3.55,7,1.74,1.95,John Smith's Stadium (Huddersfield- West Yorkshire),1
1541853000,Nov 10 2018 - 12:30pm,complete,29402,Cardiff City,Brighton & Hove Albion,Martin Atkinson,12,0.67,0.67,1.05,0.68,1,1,1,1,1,1.36,0.8,2.83,42,67,50,42,25,34,75,50,75,8.16,4,2.6,3.05,3.1,1.53,2.6,5.2,15,2.05,1.69,Cardiff City Stadium (Cardiff (Caerdydd)),3
1541862000,Nov 10 2018 - 3:00pm,complete,24069,Huddersfield Town,West Ham United,Chris Kavanagh,12,0.67,0.8,0.47,1.11,1,0,1,0,1,1.13,1.27,2.17,30,57,39,30,0,47,92,20,49,7.4,4.33,3.35,3.3,2.35,1.37,2.15,3.95,10,1.87,1.83,John Smith's Stadium (Huddersfield- West Yorkshire),2
1541862000,Nov 10 2018 - 3:00pm,complete,32184,Leicester City,Burnley,Mike Dean,12,1.4,0.67,1.42,0.89,0,0,0,2,0,1.52,0.94,3.15,65,84,64,35,25,57,75,35,82,6.6,5.3,1.53,4.2,7,1.25,1.8,3,6.1,1.91,1.8,King Power Stadium (Leicester- Leicestershire),0
1541862000,Nov 10 2018 - 3:00pm,complete,49266,Newcastle United,AFC Bournemouth,Lee Probert,12,0.5,1.8,1.32,0.84,2,1,1,1,0,1.11,1.44,2.69,35,84,65,20,0,29,65,57,84,12.67,2.2,3,3.35,2.5,1.31,1.95,3.5,7.4,1.71,2,St. James' Park (Newcastle upon Tyne),3
1541862000,Nov 10 2018 - 3:00pm,complete,28153,Southampton,Watford,Simon Hooper,12,0.6,1.4,1.21,1.21,1,0,1,2,0,1.57,1.32,2.1,40,70,40,20,0,20,50,50,70,11.4,4.4,2.4,3.3,3.2,1.33,2,3.6,8.2,1.8,1.91,St. Mary's Stadium (Southampton- Hampshire),2
1541871000,Nov 10 2018 - 5:30pm,complete,25685,Crystal Palace,Tottenham Hotspur,Jonathan Moss,12,0.4,2.57,1.05,1.74,0,0,1,0,0,1.51,1.39,2.33,39,73,46,17,7,22,56,49,69,11.23,3.37,4.85,3.95,1.74,1.23,1.74,2.85,6.2,1.71,2,Selhurst Park (London),1
1541937600,Nov 11 2018 - 12:00pm,complete,53128,Liverpool,Fulham,Paul Tierney,12,2.6,0.17,2.79,0.26,1,0,0,1,0,1.77,0.96,3.05,35,72,72,45,19,37,82,54,62,8.27,2.43,1.12,10.75,22.25,1.06,1.25,1.65,2.57,1.91,1.8,Anfield (Liverpool),2
1541945700,Nov 11 2018 - 2:15pm,complete,40345,Chelsea,Everton,Kevin Friend,12,2.33,1,2.21,1.05,0,0,3,1,2,1.85,1.51,3.44,82,100,74,54,17,37,72,74,100,11.2,2.87,1.4,5.15,8.25,1.16,1.53,2.35,4.4,1.77,1.95,Stamford Bridge (London),0
1541953800,Nov 11 2018 - 4:30pm,complete,60030,Arsenal,Wolverhampton Wanderers,Stuart Attwell,12,2.17,1.4,2.37,1.21,0,1,0,2,0,1.54,1.62,2.04,35,70,17,17,0,27,45,42,90,11.17,3.07,1.62,4.15,5.7,1.2,1.65,2.6,5.3,1.67,2.05,Emirates Stadium (London),2
1541953800,Nov 11 2018 - 4:30pm,complete,54316,Manchester City,Manchester United,Anthony Taylor,12,3,1.67,2.84,1.58,1,0,1,0,1,2.52,1.46,4,67,100,83,50,34,75,100,42,92,13.83,3.5,1.4,5.2,8,1.14,1.47,2.2,3.9,1.71,2,Etihad Stadium (Manchester),4
1543071600,Nov 24 2018 - 3:00pm,complete,30553,Brighton & Hove Albion,Leicester City,Chris Kavanagh,13,2,1.5,1.21,1.32,1,0,0,3,3,1.18,1.38,2.99,64,72,64,37,19,27,74,54,90,10.1,4.07,3.05,3.25,2.55,1.42,2.25,4.35,7.5,1.91,1.8,The American Express Community Stadium (Falmer- East Sussex),2
1543071600,Nov 24 2018 - 3:00pm,complete,39139,Everton,Cardiff City,Paul Tierney,13,2.17,0.2,1.79,0.74,0,0,0,0,1,1.57,1.03,2.8,54,80,54,37,20,44,74,45,72,9.73,2.17,1.43,4.65,8.25,1.25,1.77,2.95,5,2,1.71,Goodison Park (Liverpool),1
1543071600,Nov 24 2018 - 3:00pm,complete,24603,Fulham,Southampton,Michael Oliver,13,0.8,0.67,1.11,0.84,2,1,1,1,0,1.65,1.3,3.32,47,92,55,29,29,45,75,45,84,10.27,4.2,2.6,3.35,2.85,1.29,1.91,3.25,5.75,1.71,2,Craven Cottage (London),5
1543071600,Nov 24 2018 - 3:00pm,complete,74516,Manchester United,Crystal Palace,Lee Mason,13,2,1,1.89,1.53,0,0,0,1,2,1.83,1.11,2.85,65,92,65,19,10,10,74,74,92,9.5,3.8,1.42,4.85,8.25,1.24,1.74,2.9,5.2,1.95,1.77,Old Trafford (Manchester),0
1543071600,Nov 24 2018 - 3:00pm,complete,20540,Watford,Liverpool,Jonathan Moss,13,2,2.33,1.42,2.32,0,0,0,0,0,1.4,1.48,2.59,59,92,58,9,0,34,75,33,92,11.17,4,6.35,4.3,1.56,1.2,1.65,2.6,3.8,1.74,1.95,Vicarage Road (Watford),3
1543071600,Nov 24 2018 - 3:00pm,complete,56886,West Ham United,Manchester City,Andre Marriner,13,1.17,2.2,1.63,2.32,0,3,0,0,0,1.43,1.66,2.25,35,55,35,27,19,27,64,45,64,13.63,4.33,12.5,6.35,1.26,1.13,1.43,2.1,2.95,1.83,1.87,London Stadium (London),4
1543080600,Nov 24 2018 - 5:30pm,complete,55465,Tottenham Hotspur,Chelsea,Martin Atkinson,13,1.5,2.6,2,1.58,2,0,0,0,2,1.64,1.71,2.43,35,65,65,23,0,10,80,55,65,11.55,2.25,2.8,3.4,2.6,1.23,1.74,2.85,4.25,1.56,2.25,Wembley Stadium (London),4
1543152600,Nov 25 2018 - 1:30pm,complete,10792,AFC Bournemouth,Arsenal,Craig Pawson,13,1.83,2,1.53,1.32,1,1,0,2,1,1.43,1.5,3.8,84,92,84,57,39,47,74,65,92,9.83,3.93,3.65,3.8,2,1.14,1.48,2.2,3.3,1.45,2.55,Vitality Stadium (Bournemouth- Dorset),3
1543161600,Nov 25 2018 - 4:00pm,complete,30130,Wolverhampton Wanderers,Huddersfield Town,Kevin Friend,13,1.33,0.4,1.79,0.37,0,1,0,1,1,1.53,1.15,3.14,65,92,47,37,19,65,75,54,82,10.17,3.67,1.5,4.2,7.75,1.41,2.25,4.25,6.5,2.4,1.49,Molineux Stadium (Wolverhampton- West Midlands),2
1543264200,Nov 26 2018 - 8:30pm,complete,20628,Burnley,Newcastle United,Anthony Taylor,13,0.8,0.6,1.21,1.05,1,2,0,0,0,1.01,1.05,2.4,40,70,50,40,10,50,70,40,60,6.6,3.8,3.05,3.15,2.6,1.43,2.3,4.4,7.5,1.95,1.77,Turf Moor (Burnley),3
1543608000,Nov 30 2018 - 8:00pm,complete,30213,Cardiff City,Wolverhampton Wanderers,Andre Marriner,14,1,1.33,1.05,1.21,0,1,0,1,0,1.43,1.58,2.4,45,61,36,22,22,37,54,29,85,10.04,3.5,3.65,3.2,2.25,1.43,2.35,4.45,7.5,2,1.69,Cardiff City Stadium (Cardiff (Caerdydd)),3
1543676400,Dec 01 2018 - 3:00pm,complete,25098,Crystal Palace,Burnley,Lee Probert,14,0.33,0.71,1.05,0.89,1,0,0,1,1,1.51,0.91,2.34,30,54,37,30,22,15,38,38,77,10.04,3.81,1.57,3.75,6.6,1.33,2,3.6,5.75,2.05,1.67,Selhurst Park (London),2
1543676400,Dec 01 2018 - 3:00pm,complete,22973,Huddersfield Town,Brighton & Hove Albion,Michael Oliver,14,0.71,0.57,0.47,0.68,1,1,1,0,1,1.23,0.8,1.93,29,57,29,15,0,29,93,15,50,7.14,3.43,2.4,2.9,3.4,1.57,2.75,5.65,9.25,2.25,1.57,John Smith's Stadium (Huddersfield- West Yorkshire),3
1543676400,Dec 01 2018 - 3:00pm,complete,31353,Leicester City,Watford,Graham Scott,14,1.33,1.33,1.42,1.21,2,0,0,2,0,1.59,1.35,2.25,59,83,34,17,0,50,75,25,75,10.5,4.84,2.45,3.1,3.15,1.33,2,3.6,5.75,1.8,1.91,King Power Stadium (Leicester- Leicestershire),2
1543676400,Dec 01 2018 - 3:00pm,complete,54409,Manchester City,AFC Bournemouth,Stuart Attwell,14,3,1.5,2.84,0.84,1,1,0,0,0,2.4,1.43,3.8,45,100,85,45,22,54,92,62,92,14.24,1.74,1.12,8.75,20.5,1.06,1.25,1.65,2.56,1.87,1.8,Etihad Stadium (Manchester),4
1543676400,Dec 01 2018 - 3:00pm,complete,51853,Newcastle United,West Ham United,Paul Tierney,14,0.86,0.83,1.32,1.11,0,1,1,2,3,1.2,1.3,2.56,62,77,54,25,0,40,79,31,70,10.54,3.81,2.45,3.2,2.95,1.33,2,3.65,6.5,1.8,1.91,St. James' Park (Newcastle upon Tyne),3
1543685400,Dec 01 2018 - 5:30pm,complete,30187,Southampton,Manchester United,Kevin Friend,14,0.67,1.43,1.21,1.58,2,2,1,3,2,1.54,1.34,2.79,68,84,68,37,7,36,75,47,77,11.31,5.04,4,3.3,2,1.31,1.95,3.45,5.25,1.77,1.95,St. Mary's Stadium (Southampton- Hampshire),4
1543752000,Dec 02 2018 - 12:00pm,complete,40551,Chelsea,Fulham,Craig Pawson,14,2.14,0.14,2.21,0.26,1,0,0,2,0,1.8,0.97,3.22,57,86,64,50,22,29,79,57,86,7.71,2.85,1.21,6.65,13.75,1.11,1.38,1.95,2.9,1.83,1.87,Stamford Bridge (London),2
1543759500,Dec 02 2018 - 2:05pm,complete,59973,Arsenal,Tottenham Hotspur,Mike Dean,14,2,2.63,2.37,1.74,1,2,1,2,2,1.52,1.37,2.6,54,88,46,21,7,34,60,61,82,10.63,3.21,2.6,3.55,2.75,1.15,1.5,2.25,3.55,1.45,2.55,Emirates Stadium (London),6
1543767300,Dec 02 2018 - 4:15pm,complete,51756,Liverpool,Everton,Chris Kavanagh,14,2.67,1,2.79,1.05,0,0,1,2,0,1.8,1.36,2.59,42,75,59,33,9,33,67,50,67,11.67,3,1.48,4.3,7,1.21,1.69,2.7,3.8,1.83,1.87,Anfield (Liverpool),1
1543952700,Dec 04 2018 - 7:45pm,complete,9980,AFC Bournemouth,Huddersfield Town,Roger East,15,1.57,0.83,1.53,0.37,2,1,0,4,0,1.4,1.21,3.17,69,93,61,31,16,55,86,38,85,9.88,4.29,1.74,3.75,5.4,1.27,1.87,3.2,6.2,1.83,1.87,Vitality Stadium (Bournemouth- Dorset),3
1543952700,Dec 04 2018 - 7:45pm,complete,29663,Brighton & Hove Albion,Crystal Palace,Kevin Friend,15,1.83,1,1.21,1.53,3,0,1,2,1,1.23,1.12,2.41,55,69,47,24,9,9,70,45,77,7.43,4.5,3,3.05,2.7,1.48,2.45,4.8,9.5,2,1.69,The American Express Community Stadium (Falmer- East Sussex),4
1543952700,Dec 04 2018 - 7:45pm,complete,56811,West Ham United,Cardiff City,Graham Scott,15,1,0.17,1.63,0.74,0,0,1,0,1,1.36,0.99,2.52,38,54,45,38,24,30,69,38,69,9.47,3.33,1.67,3.95,5.65,1.24,1.74,2.9,5.2,1.74,2,London Stadium (London),4
1543953600,Dec 04 2018 - 8:00pm,complete,20389,Watford,Manchester City,Paul Tierney,15,1.71,2.33,1.42,2.32,0,1,0,0,0,1.31,1.62,2.67,30,84,60,24,9,38,62,38,84,12.53,3.96,9,5.35,1.36,1.19,1.61,2.5,4.5,1.87,1.83,Vicarage Road (Watford),3
1544039100,Dec 05 2018 - 7:45pm,complete,21741,Burnley,Liverpool,Stuart Attwell,15,0.67,2.43,1.21,2.32,0,0,0,1,0,1.09,1.5,2.73,54,93,55,25,0,41,86,47,77,8.47,3.26,12.25,5.95,1.28,1.13,1.5,2.3,4.6,2,1.65,Turf Moor (Burnley),4
1544039100,Dec 05 2018 - 7:45pm,complete,22881,Fulham,Leicester City,David Coote,15,1.17,1.43,1.11,1.32,1,0,0,0,0,1.59,1.34,3.5,69,93,62,40,32,40,86,54,100,10.71,4.03,2.85,3.35,2.6,1.21,1.74,2.9,6.95,1.65,2,Craven Cottage (London),2
1544039100,Dec 05 2018 - 7:45pm,complete,31300,Wolverhampton Wanderers,Chelsea,Jonathan Moss,15,1.14,2.17,1.79,1.58,0,1,1,3,0,1.48,1.61,2.7,38,85,56,31,7,38,62,62,85,12.04,2.9,5.55,3.8,1.71,1.22,1.77,2.95,6.15,1.77,1.87,Molineux Stadium (Wolverhampton- West Midlands),3
1544039100,Dec 05 2018 - 7:45pm,complete,39350,Everton,Newcastle United,Lee Mason,15,2.29,1,1.79,1.05,1,1,0,0,0,1.63,1.09,2.27,54,68,54,23,9,54,54,30,60,10.26,2.5,1.51,4.2,7.5,1.19,1.67,2.7,5.3,1.87,1.77,Goodison Park (Liverpool),2
1544040000,Dec 05 2018 - 8:00pm,complete,74507,Manchester United,Arsenal,Andre Marriner,15,1.83,2.17,1.89,1.32,1,1,3,0,2,1.79,1.56,3.5,84,92,84,42,34,42,75,67,92,11.34,3.17,2.35,3.55,3.1,1.14,1.51,2.35,4.7,1.49,2.3,Old Trafford (Manchester),4
1544040000,Dec 05 2018 - 8:00pm,complete,33012,Tottenham Hotspur,Southampton,Anthony Taylor,15,1.8,0.57,2,0.84,1,0,0,0,0,1.72,1.41,2.87,52,73,59,35,15,39,79,59,66,9.31,3.14,1.36,5.25,9.75,1.11,1.45,2.15,4.5,1.74,1.91,Wembley Stadium (London),4
1544272200,Dec 08 2018 - 12:30pm,complete,10752,AFC Bournemouth,Liverpool,Lee Mason,16,1.75,2.5,1.53,2.32,0,1,2,0,0,1.34,1.59,2.75,69,88,63,19,7,32,69,44,82,11.13,3.75,7,4.6,1.49,1.16,1.54,2.35,4.1,1.62,2.05,Vitality Stadium (Bournemouth- Dorset),4
1544281200,Dec 08 2018 - 3:00pm,complete,59893,Arsenal,Huddersfield Town,Paul Tierney,16,2.13,0.71,2.37,0.37,0,0,4,1,3,1.6,1.37,3.15,67,100,48,34,14,55,82,52,86,10.96,3.88,1.28,5.9,12.5,1.17,1.57,2.4,4.45,1.95,1.69,Emirates Stadium (London),1
1544281200,Dec 08 2018 - 3:00pm,complete,18497,Burnley,Brighton & Hove Albion,Martin Atkinson,16,0.57,0.88,1.21,0.68,1,0,0,2,0,1.14,0.89,2.9,54,88,61,41,0,48,93,41,73,6.95,3.84,2.9,3.05,2.8,1.45,2.4,4.6,9,1.91,1.71,Turf Moor (Burnley),1
1544281200,Dec 08 2018 - 3:00pm,complete,30067,Cardiff City,Southampton,Jonathan Moss,16,1.25,0.5,1.05,0.84,0,0,1,1,1,1.43,1.46,3.25,57,82,69,38,32,50,63,63,82,9.88,3.76,3.15,3.25,2.45,1.35,2.05,3.75,7,1.8,1.83,Cardiff City Stadium (Cardiff (Caerdydd)),1
1544281200,Dec 08 2018 - 3:00pm,complete,74523,Manchester United,Fulham,Lee Probert,16,1.71,0.13,1.89,0.26,3,0,1,0,1,1.73,1,3,55,87,67,34,14,27,80,61,87,9.42,3.49,1.39,5.1,8.5,1.17,1.57,2.4,4.55,1.74,1.91,Old Trafford (Manchester),5
1544281200,Dec 08 2018 - 3:00pm,complete,56995,West Ham United,Crystal Palace,Anthony Taylor,16,1.25,0.88,1.63,1.53,0,1,1,0,0,1.45,1.22,2.63,50,69,57,38,7,26,63,50,75,10.26,4.01,2.3,3.35,3.4,1.31,1.95,3.4,6.35,1.71,1.91,London Stadium (London),5
1544290200,Dec 08 2018 - 5:30pm,complete,40571,Chelsea,Manchester City,Michael Oliver,16,2.25,2.43,2.21,2.32,1,0,0,2,0,1.8,1.67,2.72,46,80,47,40,20,27,73,47,80,12.17,2.82,3.65,3.55,2.1,1.21,1.67,2.7,5,1.56,2.15,Stamford Bridge (London),2
1544298300,Dec 08 2018 - 7:45pm,complete,31957,Leicester City,Tottenham Hotspur,Craig Pawson,16,1.57,2.33,1.42,1.74,0,1,1,2,1,1.5,1.37,2.65,57,82,55,18,11,58,77,35,62,9.53,4.46,4.5,3.75,1.87,1.25,1.8,3,8,1.62,2,King Power Stadium (Leicester- Leicestershire),2
1544371200,Dec 09 2018 - 4:00pm,complete,50223,Newcastle United,Wolverhampton Wanderers,Mike Dean,16,0.75,1.14,1.32,1.21,1,1,1,2,1,1.25,1.59,2.05,47,66,39,0,0,20,60,26,75,12.18,2.95,3,3.05,2.75,1.44,2.35,4.55,10,1.87,1.74,St. James' Park (Newcastle upon Tyne),3
1544472000,Dec 10 2018 - 8:00pm,complete,38400,Everton,Watford,Kevin Friend,16,2.13,1.14,1.79,1.21,1,0,1,0,0,1.65,1.3,2.39,53,87,32,20,0,53,67,34,73,13.24,3.17,1.74,3.85,5.05,1.27,1.87,3.2,5.2,1.77,1.87,Goodison Park (Liverpool),4
1544877000,Dec 15 2018 - 12:30pm,complete,54173,Manchester City,Everton,Craig Pawson,17,3,0.86,2.84,1.05,1,0,0,1,1,2.32,1.32,3.41,60,86,73,46,19,46,72,60,93,12.92,2.79,1.22,6.75,12.75,1.13,1.43,2.1,3.88,1.8,1.83,Etihad Stadium (Manchester),4
1544886000,Dec 15 2018 - 3:00pm,complete,24738,Crystal Palace,Leicester City,Michael Oliver,17,0.71,1.38,1.05,1.32,1,0,1,1,0,1.67,1.36,2.3,45,73,32,20,7,13,59,40,93,13.71,3.2,2.8,3.1,2.8,1.42,2.25,4.3,8,1.87,1.77,Selhurst Park (London),1
1544886000,Dec 15 2018 - 3:00pm,complete,24036,Huddersfield Town,Newcastle United,Anthony Taylor,17,0.63,1,0.47,1.05,0,0,0,1,1,1.19,1.1,1.75,41,54,34,7,7,48,73,7,34,7.45,3.38,2.6,2.95,3.15,1.53,2.6,5.2,9.9,2,1.65,John Smith's Stadium (Huddersfield- West Yorkshire),1
1544886000,Dec 15 2018 - 3:00pm,complete,41645,Tottenham Hotspur,Burnley,Graham Scott,17,2,0.63,2,0.89,0,0,0,0,0,1.71,0.87,2.86,53,65,59,44,19,21,75,53,71,7.8,2.83,1.19,7,17.25,1.12,1.42,2.05,3.7,1.95,1.69,Wembley Stadium (London),1
1544886000,Dec 15 2018 - 3:00pm,complete,20032,Watford,Cardiff City,Andy Madley,17,1.5,0.14,1.42,0.74,1,0,0,0,0,1.33,1.02,2.79,47,79,66,28,15,26,60,47,86,8.93,3.43,1.61,3.85,6.2,1.31,1.95,3.5,5.55,1.91,1.71,Vicarage Road (Watford),5
1544886000,Dec 15 2018 - 3:00pm,complete,30997,Wolverhampton Wanderers,AFC Bournemouth,Simon Hooper,17,1.38,1.29,1.79,0.84,1,0,0,1,2,1.4,1.32,2.96,47,94,62,34,7,48,75,67,87,11.42,2.88,2.05,3.35,3.85,1.29,1.91,3.25,7,1.67,1.95,Molineux Stadium (Wolverhampton- West Midlands),2
1544895000,Dec 15 2018 - 5:30pm,complete,24081,Fulham,West Ham United,Mike Dean,17,1.14,1.14,1.11,1.11,0,2,1,1,1,1.67,1.27,3.29,64,93,57,43,22,43,100,43,93,9.42,4.57,2.95,3.5,2.45,1.2,1.62,2.6,4.4,1.47,2.35,Craven Cottage (London),2
1544967000,Dec 16 2018 - 1:30pm,complete,30645,Brighton & Hove Albion,Chelsea,Stuart Attwell,17,2,1.86,1.21,1.58,0,2,0,2,0,1.19,1.6,2.86,57,79,72,36,7,29,79,50,86,10.14,4.42,7.75,4.4,1.44,1.27,1.83,3.15,5.95,2,1.65,The American Express Community Stadium (Falmer- East Sussex),3
1544967000,Dec 16 2018 - 1:30pm,complete,29497,Southampton,Arsenal,Chris Kavanagh,17,0.71,2,1.21,1.32,2,1,0,3,0,1.56,1.5,3.29,79,86,79,50,22,43,72,57,79,10.28,4.28,4.3,3.95,1.8,1.18,1.57,2.45,4.8,1.53,2.2,St. Mary's Stadium (Southampton- Hampshire),5
1544976000,Dec 16 2018 - 4:00pm,complete,52908,Liverpool,Manchester United,Martin Atkinson,17,2.71,1.38,2.79,1.58,1,1,0,0,2,1.78,1.34,2.96,51,79,66,46,14,52,86,34,66,11.13,3.88,1.56,4.15,6.35,1.22,1.69,2.75,5.1,1.74,1.87,Anfield (Liverpool),4
1545422400,Dec 21 2018 - 8:00pm,complete,31358,Wolverhampton Wanderers,Liverpool,Craig Pawson,18,1.56,2.56,1.79,2.32,0,1,0,0,0,1.37,1.56,2.62,50,89,45,22,6,22,67,56,89,10.78,3,6.75,4.1,1.54,1.29,1.91,3.3,6.5,1.65,2.1,Molineux Stadium (Wolverhampton- West Midlands),2
1545481800,Dec 22 2018 - 12:30pm,complete,59493,Arsenal,Burnley,Kevin Friend,18,2.22,0.56,2.37,0.89,1,0,1,1,1,1.57,0.82,2.73,45,73,39,33,22,28,50,50,89,9,4.22,1.21,6.85,15.25,1.11,1.38,2,3.32,1.83,1.8,Emirates Stadium (London),4
1545490800,Dec 22 2018 - 3:00pm,complete,10491,AFC Bournemouth,Brighton & Hove Albion,Mike Dean,18,1.56,0.78,1.53,0.68,1,0,2,0,0,1.29,0.94,2.72,56,78,61,28,6,39,89,33,73,9.34,4.33,1.95,3.55,4.1,1.33,2,3.65,6.9,1.95,1.8,Vitality Stadium (Bournemouth- Dorset),2
1545490800,Dec 22 2018 - 3:00pm,complete,40558,Chelsea,Leicester City,Lee Probert,18,2.33,1.22,2.21,1.32,0,0,0,0,1,1.71,1.35,2.78,62,84,44,33,17,22,78,44,89,10.22,2.89,1.34,5.15,9.5,1.23,1.71,2.8,5.2,2,1.65,Stamford Bridge (London),1
1545490800,Dec 22 2018 - 3:00pm,complete,22394,Huddersfield Town,Southampton,Stuart Attwell,18,0.56,0.44,0.47,0.84,0,2,1,1,0,1.27,1.41,2.28,33,61,39,17,11,39,67,28,61,9.67,3.22,2.9,3,2.75,1.49,2.5,4.9,9.7,1.95,1.69,John Smith's Stadium (Huddersfield- West Yorkshire),4
1545490800,Dec 22 2018 - 3:00pm,complete,54340,Manchester City,Crystal Palace,Andre Marriner,18,3,0.78,2.84,1.53,1,2,0,0,1,2.23,1.22,3.5,62,89,73,50,22,34,84,62,89,11,2.67,1.14,8.75,20.75,1.11,1.38,1.95,3.32,2.05,1.62,Etihad Stadium (Manchester),5
1545490800,Dec 22 2018 - 3:00pm,complete,51237,Newcastle United,Fulham,Martin Atkinson,18,0.67,0.11,1.32,0.26,0,0,0,1,0,1.26,1.03,2.89,50,84,67,22,11,33,78,45,78,9.55,3.45,2.05,3.4,3.75,1.32,2,3.55,6.6,1.74,1.91,St. James' Park (Newcastle upon Tyne),0
1545490800,Dec 22 2018 - 3:00pm,complete,56833,West Ham United,Watford,Lee Mason,18,1.44,1.13,1.63,1.21,0,1,1,2,0,1.48,1.31,2.75,53,78,46,41,11,36,71,47,77,12.32,3.91,2.35,3.45,3,1.26,1.83,3.1,5.5,1.61,2.05,London Stadium (London),2
1545499800,Dec 22 2018 - 5:30pm,complete,33028,Cardiff City,Manchester United,Michael Oliver,18,1.44,1.22,1.05,1.58,1,3,0,2,1,1.45,1.28,3.34,73,84,78,50,22,61,78,50,84,10,4.67,6.35,4.15,1.56,1.24,1.74,2.9,5.15,1.8,1.83,Cardiff City Stadium (Cardiff (Caerdydd)),6
1545580800,Dec 23 2018 - 4:00pm,complete,39319,Everton,Tottenham Hotspur,Paul Tierney,18,2,2.4,1.79,1.74,1,3,0,0,1,1.63,1.33,2.84,59,85,58,27,10,48,69,47,74,11.92,2.69,3.2,3.5,2.25,1.23,1.71,2.8,4.95,1.53,2.2,Goodison Park (Liverpool),8
1545827400,Dec 26 2018 - 12:30pm,complete,24382,Fulham,Wolverhampton Wanderers,Andre Marriner,19,1,1.38,1.11,1.21,0,0,2,0,1,1.67,1.59,2.69,57,82,38,19,19,38,82,26,88,11.25,3.88,2.95,3.1,2.65,1.45,2.4,4.6,8.5,1.87,1.77,Craven Cottage (London),2
1545836400,Dec 26 2018 - 3:00pm,complete,21484,Burnley,Everton,Michael Oliver,19,0.88,0.75,1.21,1.05,1,3,2,0,2,1.14,1.27,2.82,57,82,63,44,0,38,69,57,76,8.26,4,4.2,3.55,1.91,1.33,2,3.6,6.8,1.8,1.83,Turf Moor (Burnley),6
1545836400,Dec 26 2018 - 3:00pm,complete,25206,Crystal Palace,Cardiff City,Lee Probert,19,1,0.13,1.05,0.74,0,0,0,0,2,1.57,1.02,2.26,32,57,32,32,19,7,57,38,75,10.25,2.88,1.67,3.75,6.25,1.34,2.05,3.7,6.75,1.95,1.69,Selhurst Park (London),0
1545836400,Dec 26 2018 - 3:00pm,complete,32090,Leicester City,Manchester City,Mike Dean,19,1.38,2.13,1.42,2.32,1,1,0,2,0,1.48,1.66,2.32,38,82,38,19,7,44,82,26,69,13,4.01,9.5,5.55,1.32,1.17,1.57,2.4,4.5,1.83,1.77,King Power Stadium (Leicester- Leicestershire),3
1545836400,Dec 26 2018 - 3:00pm,complete,53318,Liverpool,Newcastle United,Graham Scott,19,2.75,1.25,2.79,1.05,1,0,0,0,0,1.93,1.1,2.13,38,57,44,26,13,44,63,26,51,10.13,2.76,1.17,7.75,18,1.15,1.5,2.25,3.4,2.3,1.48,Anfield (Liverpool),4
1545836400,Dec 26 2018 - 3:00pm,complete,74523,Manchester United,Huddersfield Town,Jonathan Moss,19,1.88,0.63,1.89,0.37,1,0,1,0,1,1.82,1.28,3.07,69,88,63,32,19,51,82,50,82,11,4,1.33,5.8,9.75,1.21,1.69,2.7,4.55,2,1.67,Old Trafford (Manchester),4
1545836400,Dec 26 2018 - 3:00pm,complete,45154,Tottenham Hotspur,AFC Bournemouth,Chris Kavanagh,19,2.14,1.13,2,0.84,3,0,0,2,1,1.68,1.33,2.85,48,79,66,41,0,32,87,60,80,11.45,1.84,1.34,5.35,9,1.15,1.5,2.25,3.78,1.74,1.91,Wembley Stadium (London),5
1545844500,Dec 26 2018 - 5:15pm,complete,30608,Brighton & Hove Albion,Arsenal,Anthony Taylor,19,1.75,1.75,1.21,1.32,1,1,1,1,0,1.15,1.48,3.63,88,88,82,57,32,57,88,50,94,8.63,4.26,5.5,3.85,1.67,1.23,1.71,2.8,6,1.67,2,The American Express Community Stadium (Falmer- East Sussex),2
1545852600,Dec 26 2018 - 7:30pm,complete,20415,Watford,Chelsea,Martin Atkinson,19,1.67,2,1.42,1.58,1,1,0,1,0,1.4,1.55,3.05,53,94,89,24,6,36,71,60,94,10.94,3.53,5.25,3.95,1.67,1.21,1.69,2.7,5.7,1.67,1.95,Vicarage Road (Watford),3
1545939900,Dec 27 2018 - 7:45pm,complete,31654,Southampton,West Ham United,Craig Pawson,19,1,1.38,1.21,1.11,0,0,0,2,0,1.53,1.23,2.69,57,82,57,38,7,38,82,44,69,9.25,5.13,2.25,3.35,3.3,1.24,1.74,2.9,5.4,1.57,2.15,St. Mary's Stadium (Southampton- Hampshire),3
1546095600,Dec 29 2018 - 3:00pm,complete,30597,Brighton & Hove Albion,Everton,Andy Madley,20,1.67,1,1.21,1.05,0,0,0,0,0,1.18,1.29,2.89,73,78,62,39,11,39,73,45,84,9.11,5,3.35,3.15,2.35,1.4,2.2,4.15,8,1.83,1.8,The American Express Community Stadium (Falmer- East Sussex),1
1546095600,Dec 29 2018 - 3:00pm,complete,24423,Fulham,Huddersfield Town,Kevin Friend,20,1,0.56,1.11,0.37,0,0,2,1,0,1.63,1.26,3.22,67,95,50,33,22,50,89,39,84,9.44,4,2,3.2,4.25,1.43,2.35,4.45,11.5,1.95,1.69,Craven Cottage (London),1
1546095600,Dec 29 2018 - 3:00pm,complete,32047,Leicester City,Cardiff City,Simon Hooper,20,1.56,0.22,1.42,0.74,0,0,0,0,0,1.45,1.04,2.45,50,73,44,28,17,39,73,28,67,7.56,4,1.53,3.9,7.5,1.34,2.05,3.7,8,2,1.65,King Power Stadium (Leicester- Leicestershire),1
1546095600,Dec 29 2018 - 3:00pm,complete,46356,Tottenham Hotspur,Wolverhampton Wanderers,Stuart Attwell,20,2.25,1.33,2,1.21,1,0,2,1,0,1.65,1.61,2.39,53,65,43,25,7,24,72,43,82,10.14,2.77,1.49,4.2,7.5,1.23,1.74,2.85,5.7,1.77,1.87,Wembley Stadium (London),4
1546095600,Dec 29 2018 - 3:00pm,complete,20336,Watford,Newcastle United,Roger East,20,1.5,1.11,1.42,1.05,0,1,1,0,0,1.38,1.07,2.6,52,78,67,21,11,42,63,36,72,8.31,3.37,1.69,3.8,5.5,1.29,1.91,3.3,7.8,1.83,1.8,Vicarage Road (Watford),2
1546104600,Dec 29 2018 - 5:30pm,complete,53326,Liverpool,Arsenal,Michael Oliver,20,2.78,1.67,2.79,1.32,4,1,1,0,1,1.94,1.44,3.39,61,84,73,56,28,56,84,56,78,12.33,2.34,1.39,5.15,7.75,1.13,1.44,2.1,3.9,1.61,2.05,Anfield (Liverpool),6
1546171200,Dec 30 2018 - 12:00pm,complete,25781,Crystal Palace,Chelsea,Craig Pawson,20,1,2.11,1.05,1.58,0,0,0,0,1,1.64,1.54,2.17,34,67,50,17,0,22,61,39,78,13.11,3,5,3.75,1.74,1.24,1.74,2.9,5.75,1.65,2,Selhurst Park (London),1
1546179300,Dec 30 2018 - 2:15pm,complete,20933,Burnley,West Ham United,David Coote,20,0.78,1.56,1.21,1.11,2,0,1,0,2,1.18,1.27,3.06,56,89,62,45,6,50,89,50,73,7.56,4,3.85,3.35,2.05,1.31,1.95,3.4,7,1.69,1.95,Turf Moor (Burnley),2
1546179300,Dec 30 2018 - 2:15pm,complete,31381,Southampton,Manchester City,Paul Tierney,20,0.89,1.89,1.21,2.32,1,3,0,3,1,1.5,1.66,2.56,50,78,56,28,11,28,67,45,73,13.22,4.23,11.5,6.3,1.25,1.13,1.45,2.15,3.75,1.8,1.83,St. Mary's Stadium (Southampton- Hampshire),4
1546187400,Dec 30 2018 - 4:30pm,complete,74556,Manchester United,AFC Bournemouth,Lee Mason,20,2,1,1.89,0.84,3,1,1,2,0,1.83,1.34,3.28,56,95,78,44,17,45,84,73,89,12.23,2.78,1.43,5.3,7,1.16,1.53,2.3,4.4,1.71,1.91,Old Trafford (Manchester),5
1546345800,Jan 01 2019 - 12:30pm,complete,39052,Everton,Leicester City,Martin Atkinson,21,1.8,1.4,1.79,1.32,0,0,0,3,0,1.6,1.32,2.9,65,80,50,30,10,40,70,45,85,12.4,2.4,2,3.45,4,1.3,1.95,3.35,7.6,1.71,1.91,Goodison Park (Liverpool),1
1546354800,Jan 01 2019 - 3:00pm,complete,59887,Arsenal,Fulham,Graham Scott,21,2.3,0.2,2.37,0.26,1,0,0,0,0,1.54,0.99,2.95,50,85,50,40,15,30,70,60,90,8.6,4,1.35,5.3,8.75,1.15,1.5,2.25,3.9,1.69,1.95,Emirates Stadium (London),5
1546363800,Jan 01 2019 - 5:30pm,complete,32485,Cardiff City,Tottenham Hotspur,Kevin Friend,21,1.3,2.45,1.05,1.74,0,3,0,1,0,1.42,1.38,3.33,58,76,67,34,34,48,67,58,82,9.46,3.72,8.5,4.85,1.39,1.2,1.65,2.6,5.3,1.83,1.77,Cardiff City Stadium (Cardiff (Caerdydd)),3
1546458300,Jan 02 2019 - 7:45pm,complete,40668,Chelsea,Southampton,Jonathan Moss,21,2.1,0.7,2.21,0.84,0,0,0,1,1,1.74,1.42,2.9,50,80,50,40,20,35,65,50,85,9.7,3.2,1.28,6.05,12,1.16,1.53,2.3,4,1.83,1.8,Stamford Bridge (London),0
1546458300,Jan 02 2019 - 7:45pm,complete,23715,Huddersfield Town,Burnley,Mike Dean,21,0.5,0.5,0.47,0.89,1,1,2,0,2,1.29,0.83,2.3,35,55,40,25,15,30,65,25,65,7.6,3.7,2.3,3.1,3.55,1.5,2.5,5,9.7,2,1.65,John Smith's Stadium (Huddersfield- West Yorkshire),3
1546458300,Jan 02 2019 - 7:45pm,complete,59870,West Ham United,Brighton & Hove Albion,Chris Kavanagh,21,1.3,0.7,1.63,0.68,0,0,0,0,0,1.52,0.98,2.65,45,70,50,35,10,30,85,35,75,10.7,3.8,2,3.55,3.95,1.31,1.95,3.4,6.5,1.74,1.87,London Stadium (London),4
1546458300,Jan 02 2019 - 7:45pm,complete,30666,Wolverhampton Wanderers,Crystal Palace,Roger East,21,1.4,1,1.79,1.53,0,0,2,2,0,1.36,1.18,2.7,50,85,45,30,15,25,70,55,85,7.9,3.9,2.3,3.15,3.6,1.44,2.35,4.55,10,1.91,1.71,Molineux Stadium (Wolverhampton- West Midlands),2
1546459200,Jan 02 2019 - 8:00pm,complete,10261,AFC Bournemouth,Watford,David Coote,21,1.7,1.33,1.53,1.21,3,3,0,1,2,1.3,1.3,2.67,52,90,46,26,5,37,79,37,79,11.27,4.51,2.65,3.5,2.7,1.22,1.69,2.75,4.75,1.53,2.2,Vitality Stadium (Bournemouth- Dorset),6
1546459200,Jan 02 2019 - 8:00pm,complete,52217,Newcastle United,Manchester United,Andre Marriner,21,0.7,1.4,1.32,1.58,0,0,1,0,0,1.22,1.34,3.05,70,85,75,35,10,55,80,40,70,11.4,4.2,5.55,4.15,1.65,1.25,1.77,2.95,5.3,1.74,1.87,St. James' Park (Newcastle upon Tyne),2
1546545600,Jan 03 2019 - 8:00pm,complete,54511,Manchester City,Liverpool,Anthony Taylor,21,2.7,2.6,2.84,2.32,1,0,2,2,2,2.23,1.57,3.5,60,95,70,45,20,35,85,60,95,14.1,1.6,2,3.85,3.9,1.2,1.65,2.6,4.5,1.54,2.2,Etihad Stadium (Manchester),3
1547296200,Jan 12 2019 - 12:30pm,complete,59946,West Ham United,Arsenal,Jonathan Moss,22,1.27,1.5,1.63,1.32,0,0,0,0,0,1.53,1.39,3.7,78,87,77,63,34,54,77,58,86,11.17,3.33,3.55,3.85,2.05,1.15,1.5,2.25,3.5,1.43,2.45,London Stadium (London),1
1547305200,Jan 12 2019 - 3:00pm,complete,30862,Brighton & Hove Albion,Liverpool,Kevin Friend,22,1.8,2.36,1.21,2.32,0,0,0,0,0,1.17,1.54,2.62,63,81,53,24,5,25,77,38,86,9.84,3.48,10.25,5.1,1.36,1.23,1.71,2.8,5,1.95,1.69,The American Express Community Stadium (Falmer- East Sussex),1
1547305200,Jan 12 2019 - 3:00pm,complete,19316,Burnley,Fulham,Martin Atkinson,22,1,0.18,1.21,0.26,2,1,0,1,1,1.24,1.01,3.19,48,86,62,48,19,44,86,53,71,6.52,3.43,2.4,3.3,3.2,1.34,2.05,3.7,7,1.77,1.83,Turf Moor (Burnley),3
1547305200,Jan 12 2019 - 3:00pm,complete,30725,Cardiff City,Huddersfield Town,Lee Mason,22,1.18,0.5,1.05,0.37,0,0,1,2,1,1.37,1.25,3.09,58,77,62,33,23,53,72,43,81,9.09,3.82,2.2,3.2,3.8,1.45,2.4,4.65,10,1.95,1.67,Cardiff City Stadium (Cardiff (Caerdydd)),0
1547305200,Jan 12 2019 - 3:00pm,complete,25010,Crystal Palace,Watford,Paul Tierney,22,0.9,1.3,1.05,1.21,1,0,0,1,0,1.52,1.29,2.05,30,65,20,20,5,20,60,25,70,12.6,3.6,2.35,3.35,3.25,1.31,1.95,3.4,6,1.69,1.95,Selhurst Park (London),3
1547305200,Jan 12 2019 - 3:00pm,complete,31491,Leicester City,Southampton,Michael Oliver,22,1.4,0.73,1.42,0.84,0,2,2,0,2,1.47,1.38,2.51,48,77,48,23,9,53,68,33,72,9.85,4.3,1.95,3.4,4.5,1.4,2.2,4.2,8,1.95,1.71,King Power Stadium (Leicester- Leicestershire),3
1547314200,Jan 12 2019 - 5:30pm,complete,40491,Chelsea,Newcastle United,Chris Kavanagh,22,2,1.1,2.21,1.05,1,1,0,1,1,1.73,1.06,2.23,48,67,38,28,14,29,62,28,66,8.49,2.88,1.21,6.8,17.5,1.21,1.67,2.65,4.5,2.45,1.43,Stamford Bridge (London),3
1547388900,Jan 13 2019 - 2:15pm,complete,38113,Everton,AFC Bournemouth,Anthony Taylor,22,1.64,0.9,1.79,0.84,0,0,1,4,0,1.59,1.3,3.3,52,91,68,43,15,58,77,53,86,12.24,2,1.71,4.05,5,1.2,1.65,2.6,4.5,1.62,2.05,Goodison Park (Liverpool),2
1547397000,Jan 13 2019 - 4:30pm,complete,80062,Tottenham Hotspur,Manchester United,Mike Dean,22,2,1.55,2,1.58,0,1,0,1,0,1.6,1.38,3.37,69,84,75,60,15,48,90,61,80,10.06,3.66,2.1,3.5,3.8,1.21,1.67,2.7,4.5,1.53,2.25,Wembley Stadium (London),1
1547496000,Jan 14 2019 - 8:00pm,complete,54171,Manchester City,Wolverhampton Wanderers,Craig Pawson,22,2.73,1.5,2.84,1.21,2,0,1,0,1,2.15,1.58,3.19,67,85,61,37,18,38,80,52,95,12.55,2.72,1.18,7.75,18.25,1.14,1.49,2.2,3.75,2.15,1.56,Etihad Stadium (Manchester),3
1547901000,Jan 19 2019 - 12:30pm,complete,31278,Wolverhampton Wanderers,Leicester City,Chris Kavanagh,23,1.27,1.55,1.79,1.32,2,0,2,1,2,1.32,1.31,2.41,46,78,32,18,9,23,64,46,91,10.19,3.37,2.3,3.15,3.55,1.48,2.45,4.8,10,1.95,1.67,Molineux Stadium (Wolverhampton- West Midlands),7
1547910000,Jan 19 2019 - 3:00pm,complete,10495,AFC Bournemouth,West Ham United,Simon Hooper,23,1.64,1.4,1.53,1.11,0,0,0,0,1,1.41,1.26,2.99,57,91,62,33,9,48,86,38,72,9.55,4.67,2.15,3.55,3.45,1.21,1.69,2.7,4.33,1.53,2.25,Vitality Stadium (Bournemouth- Dorset),2
1547910000,Jan 19 2019 - 3:00pm,complete,53171,Liverpool,Crystal Palace,Jonathan Moss,23,2.8,1.18,2.79,1.53,0,1,0,2,1,1.94,1.21,2.91,43,76,58,43,19,29,72,52,76,10.82,2.98,1.22,6.85,15.75,1.15,1.5,2.25,3.75,1.95,1.69,Anfield (Liverpool),7
1547910000,Jan 19 2019 - 3:00pm,complete,74532,Manchester United,Brighton & Hove Albion,Paul Tierney,23,2.1,0.73,1.89,0.68,2,0,0,1,0,1.81,1.02,2.93,63,82,63,39,15,34,86,49,82,10.3,3.72,1.42,5.05,8.25,1.23,1.71,2.8,5,1.95,1.69,Old Trafford (Manchester),3
1547910000,Jan 19 2019 - 3:00pm,complete,49864,Newcastle United,Cardiff City,Stuart Attwell,23,0.64,0.5,1.32,0.74,1,0,0,0,0,1.23,1.06,2.29,43,62,48,20,15,19,53,38,67,8.81,3.05,2.1,3.15,4.25,1.4,2.2,4.2,9,1.83,1.77,St. James' Park (Newcastle upon Tyne),3
1547910000,Jan 19 2019 - 3:00pm,complete,29989,Southampton,Everton,Graham Scott,23,0.8,0.9,1.21,1.05,0,0,0,2,0,1.44,1.31,2.8,65,75,65,40,10,30,55,55,75,10.3,5.1,2.85,3.35,2.6,1.29,1.91,3.3,6,1.65,2,St. Mary's Stadium (Southampton- Hampshire),3
1547910000,Jan 19 2019 - 3:00pm,complete,19510,Watford,Burnley,Michael Oliver,23,1.45,0.73,1.42,0.89,0,0,0,1,0,1.39,0.94,2.96,55,82,69,27,18,32,64,41,91,7.64,4.28,1.65,4,5.7,1.25,1.77,2.95,5.5,1.71,1.91,Vicarage Road (Watford),0
1547919000,Jan 19 2019 - 5:30pm,complete,59979,Arsenal,Chelsea,Anthony Taylor,23,2.36,2.2,2.37,1.58,2,0,0,0,1,1.59,1.54,2.9,57,86,63,33,9,34,67,62,95,11.2,3.5,3.2,3.55,2.3,1.26,1.83,3.1,4.25,1.61,2.05,Emirates Stadium (London),2
1547991000,Jan 20 2019 - 1:30pm,complete,24190,Huddersfield Town,Manchester City,Andre Marriner,23,0.45,2,0.47,2.32,0,1,2,0,1,1.25,1.67,2.26,38,68,43,20,5,43,81,20,63,12.81,3.25,22,8.25,1.15,1.13,1.44,2.1,3.2,2.25,1.5,John Smith's Stadium (Huddersfield- West Yorkshire),3
1548000000,Jan 20 2019 - 4:00pm,complete,24807,Fulham,Tottenham Hotspur,Craig Pawson,23,1.2,2.5,1.11,1.74,1,0,0,2,0,1.63,1.37,3.22,55,87,54,28,28,45,78,45,79,9.45,3.67,5.65,3.8,1.71,1.26,1.83,3.1,5.5,1.69,1.95,Craven Cottage (London),3
1548791100,Jan 29 2019 - 7:45pm,complete,59933,Arsenal,Cardiff City,Mike Dean,24,2.42,0.45,2.37,0.74,0,0,2,1,1,1.6,1.05,2.73,47,74,44,39,22,21,61,56,83,9.47,3.28,1.23,6.9,14.25,1.11,1.4,2,3.2,1.77,1.87,Emirates Stadium (London),3
1548791100,Jan 29 2019 - 7:45pm,complete,22008,Fulham,Brighton & Hove Albion,Lee Probert,24,1.09,0.67,1.11,0.68,0,2,1,1,2,1.59,1.02,2.8,57,83,48,26,14,35,87,35,83,9.44,3.67,2.45,3.2,3.1,1.43,2.35,4.5,9,1.91,1.71,Craven Cottage (London),6
1548791100,Jan 29 2019 - 7:45pm,complete,23699,Huddersfield Town,Everton,Stuart Attwell,24,0.42,0.82,0.47,1.05,0,1,0,1,2,1.22,1.27,2.41,49,66,53,22,5,35,64,41,75,9.85,3.77,3.85,3.25,2.15,1.4,2.2,4.15,7.75,1.87,1.77,John Smith's Stadium (Huddersfield- West Yorkshire),1
1548791100,Jan 29 2019 - 7:45pm,complete,31122,Wolverhampton Wanderers,West Ham United,David Coote,24,1.42,1.27,1.79,1.11,0,0,1,3,1,1.34,1.25,2.74,44,92,39,26,9,39,75,52,83,8.58,4.19,2.05,3.5,3.9,1.31,1.95,3.4,6.45,1.71,1.91,Molineux Stadium (Wolverhampton- West Midlands),3
1548792000,Jan 29 2019 - 8:00pm,complete,74529,Manchester United,Burnley,Jonathan Moss,24,2.18,0.75,1.89,0.89,0,0,0,1,0,1.8,0.98,2.97,62,75,66,39,26,35,66,49,83,9.27,4.4,1.31,5.95,10,1.18,1.59,2.45,4.45,1.95,1.69,Old Trafford (Manchester),4
1548792000,Jan 29 2019 - 8:00pm,complete,50861,Newcastle United,Manchester City,Paul Tierney,24,0.83,2.09,1.32,2.32,0,1,0,2,2,1.26,1.64,2.45,39,79,57,14,5,31,70,39,70,13.55,3.24,16.25,7.75,1.19,1.15,1.5,2.25,3.5,2.2,1.53,St. James' Park (Newcastle upon Tyne),3
1548877500,Jan 30 2019 - 7:45pm,complete,10227,AFC Bournemouth,Chelsea,Roger East,24,1.75,2,1.53,1.58,0,0,0,1,0,1.41,1.54,2.91,52,87,70,26,9,44,74,44,79,10.44,3.63,5.35,4.15,1.67,1.22,1.69,2.75,4.75,1.71,2.1,Vitality Stadium (Bournemouth- Dorset),4
1548877500,Jan 30 2019 - 7:45pm,complete,28339,Southampton,Crystal Palace,Andre Marriner,24,1,1.08,1.21,1.53,0,1,1,1,1,1.42,1.18,3,66,83,66,39,17,22,61,61,74,9.02,4.72,2.45,3.3,3.05,1.33,2,3.6,7,1.77,2,St. Mary's Stadium (Southampton- Hampshire),2
1548878400,Jan 30 2019 - 8:00pm,complete,53092,Liverpool,Leicester City,Martin Atkinson,24,2.82,1.42,2.79,1.32,1,1,1,0,1,1.99,1.35,3.06,47,70,53,40,22,31,75,44,83,13.01,2.58,1.25,6.55,12,1.16,1.53,2.3,3.85,2,1.77,Anfield (Liverpool),2
1548878400,Jan 30 2019 - 8:00pm,complete,29164,Tottenham Hotspur,Watford,Graham Scott,24,1.8,1.45,2,1.21,0,1,0,0,0,1.68,1.3,2.77,53,76,48,39,10,28,86,48,72,10.95,3.55,1.67,3.9,5.6,1.23,1.74,2.85,4.75,1.71,2.05,Wembley Stadium (London),3
1549110600,Feb 02 2019 - 12:30pm,complete,41219,Tottenham Hotspur,Newcastle United,Andre Marriner,25,1.91,1,2,1.05,0,0,0,0,0,1.67,1.06,2.46,55,64,55,32,9,32,78,41,64,9.37,2.64,1.43,4.55,9,1.27,1.87,3.2,5.75,2.1,1.71,Wembley Stadium (London),1
1549119600,Feb 02 2019 - 3:00pm,complete,30414,Brighton & Hove Albion,Watford,Simon Hooper,25,1.64,1.33,1.21,1.21,0,0,1,0,0,1.12,1.26,2.6,61,78,44,26,9,35,78,30,79,9.42,4.67,2.5,3.3,3,1.35,2.1,3.8,8,1.83,1.95,The American Express Community Stadium (Falmer- East Sussex),0
1549119600,Feb 02 2019 - 3:00pm,complete,19787,Burnley,Southampton,Anthony Taylor,25,1.18,0.92,1.21,0.84,0,0,2,1,0,1.2,1.34,3.01,53,83,61,39,13,57,75,48,65,7.97,3.72,2.5,3.3,3,1.34,2.05,3.75,7.25,1.8,1.95,Turf Moor (Burnley),2
1549119600,Feb 02 2019 - 3:00pm,complete,40626,Chelsea,Huddersfield Town,Paul Tierney,25,2.08,0.55,2.21,0.37,2,0,0,0,0,1.71,1.23,2.57,53,74,44,30,13,35,70,30,78,9.88,3.08,1.26,6.15,14,1.22,1.71,2.8,4.6,2.25,1.62,Stamford Bridge (London),5
1549119600,Feb 02 2019 - 3:00pm,complete,25355,Crystal Palace,Fulham,Michael Oliver,25,0.82,0.17,1.05,0.26,1,0,1,1,2,1.56,1.04,2.36,34,64,43,26,13,17,64,39,74,10.35,3.02,1.91,3.6,4.25,1.3,1.95,3.35,6.45,1.8,2,Selhurst Park (London),2
1549119600,Feb 02 2019 - 3:00pm,complete,39380,Everton,Wolverhampton Wanderers,Lee Mason,25,1.75,1.36,1.79,1.21,1,2,2,1,0,1.57,1.45,2.59,57,78,43,21,4,39,61,39,87,11.23,3.24,2.6,3.3,2.85,1.34,2.05,3.7,7.25,1.8,1.95,Goodison Park (Liverpool),4
1549128600,Feb 02 2019 - 5:30pm,complete,31939,Cardiff City,AFC Bournemouth,Jonathan Moss,25,1.17,0.82,1.05,0.84,1,0,0,1,0,1.28,1.37,3.18,43,84,70,39,26,53,70,57,83,10.83,2.83,3.35,3.45,2.25,1.28,1.87,3.25,5.85,1.71,2.1,Cardiff City Stadium (Cardiff (Caerdydd)),2
1549202700,Feb 03 2019 - 2:05pm,complete,32148,Leicester City,Manchester United,Mike Dean,25,1.27,1.67,1.42,1.58,0,1,2,2,2,1.54,1.4,2.89,65,87,60,34,9,66,87,30,74,10.4,4.77,3.75,3.55,2.05,1.24,1.74,2.9,5.45,1.65,2.2,King Power Stadium (Leicester- Leicestershire),1
1549211400,Feb 03 2019 - 4:30pm,complete,54483,Manchester City,Arsenal,Martin Atkinson,25,2.75,1.36,2.84,1.32,2,1,0,1,1,2.19,1.37,4.09,79,96,87,61,39,66,91,61,96,12.56,2.47,1.26,7,10.5,1.09,1.32,1.8,2.95,1.69,2.1,Etihad Stadium (Manchester),4
1549310400,Feb 04 2019 - 8:00pm,complete,59903,West Ham United,Liverpool,Kevin Friend,25,1.42,2.42,1.63,2.32,1,1,0,1,0,1.52,1.52,2.71,50,75,54,34,9,17,63,50,88,12.08,2.66,9,5.4,1.36,1.17,1.54,2.35,3.75,1.87,1.91,London Stadium (London),2
1549482300,Feb 06 2019 - 7:45pm,complete,39322,Everton,Manchester City,Craig Pawson,27,1.62,1.92,1.79,2.32,0,1,0,1,0,1.54,1.62,2.88,52,84,56,32,8,44,73,44,80,13.81,3.38,9.75,6,1.31,1.15,1.5,2.25,3.74,1.83,1.95,Goodison Park (Liverpool),2
1549715400,Feb 09 2019 - 12:30pm,complete,25001,Fulham,Manchester United,Paul Tierney,26,1.25,1.77,1.11,1.58,0,2,2,1,1,1.65,1.4,3.32,68,89,60,44,24,52,88,48,81,10.21,4.62,5.3,4.15,1.67,1.22,1.69,2.75,4.7,1.74,2.05,Craven Cottage (London),3
1549724400,Feb 09 2019 - 3:00pm,complete,25552,Crystal Palace,West Ham United,Craig Pawson,26,1,1.17,1.05,1.11,0,1,3,0,0,1.56,1.19,2.13,30,71,34,17,0,21,63,38,75,11.33,3.5,2.15,3.45,3.55,1.3,1.95,3.35,6.1,1.77,2,Selhurst Park (London),2
1549724400,Feb 09 2019 - 3:00pm,complete,24182,Huddersfield Town,Arsenal,Jonathan Moss,26,0.38,1.25,0.47,1.32,0,2,1,2,0,1.22,1.3,2.96,62,73,61,38,21,57,84,33,73,8.96,3.04,5.1,3.85,1.74,1.26,1.8,3.05,5.85,1.77,2,John Smith's Stadium (Huddersfield- West Yorkshire),3
1549724400,Feb 09 2019 - 3:00pm,complete,53178,Liverpool,AFC Bournemouth,Anthony Taylor,26,2.67,0.75,2.79,0.84,2,0,0,2,2,1.95,1.35,3.25,38,88,63,46,21,46,83,50,80,13.08,1.92,1.19,7.75,16.5,1.11,1.4,2,3.2,2,1.77,Anfield (Liverpool),3
1549724400,Feb 09 2019 - 3:00pm,complete,31438,Southampton,Cardiff City,Martin Atkinson,26,1,0.42,1.21,0.74,0,0,1,2,0,1.43,1.07,2.63,59,71,59,33,17,17,54,50,71,8.91,4.16,1.8,3.6,5.05,1.35,2.05,3.75,7,1.91,1.87,St. Mary's Stadium (Southampton- Hampshire),3
1549724400,Feb 09 2019 - 3:00pm,complete,20333,Watford,Everton,Lee Probert,26,1.42,1,1.42,1.05,0,0,0,2,0,1.37,1.27,2.75,58,80,67,25,8,29,59,50,88,9.84,4.16,2.45,3.3,3.1,1.31,1.95,3.4,6.3,1.74,2.05,Vicarage Road (Watford),1
1549733400,Feb 09 2019 - 5:30pm,complete,29323,Brighton & Hove Albion,Burnley,Stuart Attwell,26,1.58,0.77,1.21,0.89,0,1,0,1,0,1.2,0.97,2.47,52,60,48,32,16,28,57,28,76,7.25,4.62,2.05,3.25,4.2,1.44,2.35,4.55,9.25,2.05,1.74,The American Express Community Stadium (Falmer- East Sussex),4
1549805400,Feb 10 2019 - 1:30pm,complete,44154,Tottenham Hotspur,Leicester City,Michael Oliver,26,2,1.38,2,1.32,1,0,3,0,0,1.68,1.31,2.68,56,64,48,33,12,24,76,48,80,11.37,2.69,1.69,3.8,5.7,1.26,1.83,3.1,6.1,1.83,1.95,Wembley Stadium (London),4
1549814400,Feb 10 2019 - 4:00pm,complete,54452,Manchester City,Chelsea,Mike Dean,26,2.77,1.83,2.84,1.58,4,0,0,1,0,2.21,1.57,3.45,56,92,84,44,16,52,84,56,92,12.96,2.27,1.57,4.3,6.3,1.2,1.65,2.6,4.6,1.74,2.05,Etihad Stadium (Manchester),6
1549915200,Feb 11 2019 - 8:00pm,complete,30687,Wolverhampton Wanderers,Newcastle United,Graham Scott,26,1.54,0.92,1.79,1.05,0,0,0,1,1,1.39,1.03,2.43,44,75,40,20,12,37,60,40,75,8.12,3.66,1.83,3.45,5.2,1.41,2.25,4.25,8.4,2.05,1.74,Molineux Stadium (Wolverhampton- West Midlands),2
1550864700,Feb 22 2019 - 7:45pm,complete,30387,Cardiff City,Watford,Simon Hooper,27,1.31,1.31,1.05,1.21,0,1,0,1,1,1.27,1.21,2.73,50,77,50,27,20,39,70,42,73,10,4.23,3.15,3.35,2.4,1.36,2.1,3.85,7,1.87,1.91,Cardiff City Stadium (Cardiff (Caerdydd)),6
1550864700,Feb 22 2019 - 7:45pm,complete,59950,West Ham United,Fulham,Lee Mason,27,1.38,0.15,1.63,0.26,2,1,0,1,1,1.49,1.03,2.97,50,77,58,42,19,31,74,46,77,8.92,3.39,1.87,3.8,4.3,1.21,1.69,2.7,4.75,1.62,2.2,London Stadium (London),4
1550925000,Feb 23 2019 - 12:30pm,complete,21338,Burnley,Tottenham Hotspur,Mike Dean,27,1.17,2.54,1.21,1.74,0,0,0,1,0,1.24,1.41,3.2,56,89,64,33,16,52,80,52,64,8.27,3.52,5.55,3.9,1.71,1.25,1.8,3,5.25,1.83,1.95,Turf Moor (Burnley),3
1550934000,Feb 23 2019 - 3:00pm,complete,10671,AFC Bournemouth,Wolverhampton Wanderers,Roger East,27,1.85,1.5,1.53,1.21,1,0,1,3,2,1.41,1.42,2.78,56,84,56,28,8,36,68,36,85,9.42,3.83,2.9,3.25,2.65,1.33,2.05,3.65,7.2,1.8,2,Vitality Stadium (Bournemouth- Dorset),2
1550934000,Feb 23 2019 - 3:00pm,complete,52174,Newcastle United,Huddersfield Town,Kevin Friend,27,1,0.5,1.32,0.37,0,0,1,1,1,1.22,1.19,2.57,48,76,56,17,9,37,69,40,72,9.95,3.21,1.95,3.3,4.8,1.49,2.5,4.9,9.6,2.2,1.65,St. James' Park (Newcastle upon Tyne),2
1550943000,Feb 23 2019 - 5:30pm,complete,31778,Leicester City,Crystal Palace,Anthony Taylor,27,1.17,1.08,1.42,1.53,0,1,1,1,0,1.57,1.2,2.63,56,80,48,23,12,37,76,35,76,9.91,4.65,2.25,3.35,3.55,1.36,2.1,3.85,7.5,1.83,1.91,King Power Stadium (Leicester- Leicestershire),5
1551017100,Feb 24 2019 - 2:05pm,complete,59877,Arsenal,Southampton,Graham Scott,27,2.46,0.92,2.37,0.84,2,0,0,0,0,1.59,1.32,2.89,58,85,50,35,15,39,58,62,85,10,3.92,1.57,4.3,6.3,1.21,1.67,2.65,4.9,1.74,2,Emirates Stadium (London),2
1551017100,Feb 24 2019 - 2:05pm,complete,74519,Manchester United,Liverpool,Michael Oliver,27,2.08,2.31,1.89,2.32,0,0,0,1,1,1.88,1.52,2.94,69,89,65,33,13,29,72,57,89,12.36,2.83,3.5,3.35,2.25,1.24,1.77,2.95,5.05,1.62,2.25,Old Trafford (Manchester),0
1551210300,Feb 26 2019 - 7:45pm,complete,31849,Cardiff City,Everton,Kevin Friend,28,1.21,0.92,1.05,1.05,0,1,2,1,0,1.29,1.27,2.84,52,67,59,34,22,33,55,52,82,9.78,4.33,3.9,3.3,2.1,1.4,2.2,4.2,6.9,1.95,1.83,Cardiff City Stadium (Cardiff (Caerdydd)),3
1551210300,Feb 26 2019 - 7:45pm,complete,22714,Huddersfield Town,Wolverhampton Wanderers,David Coote,28,0.36,1.46,0.47,1.21,0,0,1,1,1,1.27,1.39,2.16,49,67,41,11,0,37,78,19,75,9.19,3.65,4.95,3.45,1.83,1.5,2.5,5,10.25,2.3,1.61,John Smith's Stadium (Huddersfield- West Yorkshire),1
1551210300,Feb 26 2019 - 7:45pm,complete,30558,Leicester City,Brighton & Hove Albion,Lee Probert,28,1.08,0.62,1.42,0.68,1,0,0,1,1,1.61,1.06,2.58,54,77,50,23,8,46,89,23,73,9.85,4.15,1.83,3.45,4.95,1.39,2.2,4.1,7.9,2,1.77,King Power Stadium (Leicester- Leicestershire),3
1551211200,Feb 26 2019 - 8:00pm,complete,48323,Newcastle United,Burnley,Craig Pawson,28,1.14,0.93,1.32,0.89,2,0,1,0,1,1.35,0.98,2.54,47,72,57,22,11,21,54,47,75,9.07,4,2.15,3.15,3.85,1.43,2.35,4.5,7.9,2,1.77,St. James' Park (Newcastle upon Tyne),2
1551296700,Feb 27 2019 - 7:45pm,complete,59618,Arsenal,AFC Bournemouth,Chris Kavanagh,28,2.5,0.69,2.37,0.84,2,1,1,1,1,1.58,1.33,3.08,44,97,56,37,15,45,75,59,89,11.71,2.87,1.44,5.3,6.85,1.13,1.44,2.1,3.5,1.65,2.2,Emirates Stadium (London),6
1551296700,Feb 27 2019 - 7:45pm,complete,27597,Southampton,Fulham,Anthony Taylor,28,0.92,0.14,1.21,0.26,2,0,0,0,0,1.46,1.04,2.96,64,86,67,37,15,30,70,49,74,8.02,4.41,2,3.4,4,1.29,1.91,3.25,6.25,1.74,2.05,St. Mary's Stadium (Southampton- Hampshire),2
1551297600,Feb 27 2019 - 8:00pm,complete,25754,Crystal Palace,Manchester United,Martin Atkinson,28,1,1.86,1.05,1.58,0,1,1,1,0,1.59,1.43,2.46,44,70,43,29,7,32,74,33,74,12.2,4.03,3.25,3.2,2.35,1.36,2.1,3.9,7.5,1.87,1.91,Selhurst Park (London),4
1551297600,Feb 27 2019 - 8:00pm,complete,40542,Chelsea,Tottenham Hotspur,Andre Marriner,28,2.15,2.36,2.21,1.74,0,0,0,1,0,1.74,1.43,2.99,52,82,59,30,22,37,70,48,78,10.56,2.94,2.3,3.35,3.35,1.27,1.87,3.2,5.7,1.67,2.15,Stamford Bridge (London),2
1551297600,Feb 27 2019 - 8:00pm,complete,53316,Liverpool,Watford,Graham Scott,28,2.69,1.43,2.79,1.21,2,0,0,0,0,1.98,1.24,3.01,48,82,53,38,19,38,82,41,70,12.01,3.36,1.29,5.6,11.5,1.18,1.59,2.45,4.33,2,1.77,Anfield (Liverpool),5
1551297600,Feb 27 2019 - 8:00pm,complete,53528,Manchester City,West Ham United,Stuart Attwell,28,2.79,1.15,2.84,1.11,0,0,0,0,1,2.19,1.18,3.46,55,96,70,44,18,51,89,55,89,10.91,2.86,1.14,8.75,19,1.09,1.32,1.8,2.75,2,1.77,Etihad Stadium (Manchester),1
1551529800,Mar 02 2019 - 12:30pm,complete,81332,Tottenham Hotspur,Arsenal,Anthony Taylor,29,2.08,1.38,2,1.32,0,1,0,3,0,1.65,1.29,3.35,73,77,74,54,23,46,85,54,85,9.69,2.7,2.05,3.55,3.65,1.19,1.61,2.5,4.5,1.53,2.45,Wembley Stadium (London),2
1551538800,Mar 02 2019 - 3:00pm,complete,10699,AFC Bournemouth,Manchester City,Kevin Friend,29,1.79,2,1.53,2.32,0,0,0,1,0,1.4,1.61,2.88,48,89,59,30,11,34,78,41,78,12.75,3.99,12.75,7,1.22,1.11,1.4,2,3.15,1.87,1.87,Vitality Stadium (Bournemouth- Dorset),1
1551538800,Mar 02 2019 - 3:00pm,complete,30182,Brighton & Hove Albion,Huddersfield Town,Mike Dean,29,1.46,0.46,1.21,0.37,0,0,1,1,0,1.25,1.13,2.58,54,70,46,31,12,39,69,31,77,8.62,3.69,1.8,3.35,5.2,1.49,2.5,4.9,10.25,2.25,1.62,The American Express Community Stadium (Falmer- East Sussex),1
1551538800,Mar 02 2019 - 3:00pm,complete,19223,Burnley,Crystal Palace,Lee Probert,29,1.31,1.21,1.21,1.53,0,1,1,0,0,1.24,1.2,3.15,63,89,60,41,19,34,74,59,74,7.85,3.83,2.85,3.2,2.65,1.34,2.05,3.75,7.25,1.8,1.95,Turf Moor (Burnley),4
1551538800,Mar 02 2019 - 3:00pm,complete,74459,Manchester United,Southampton,Stuart Attwell,29,2,0.86,1.89,0.84,0,1,0,2,1,1.79,1.32,2.93,64,82,64,38,19,44,63,56,78,10.59,3.55,1.48,4.35,7.25,1.23,1.71,2.8,5.2,1.87,1.91,Old Trafford (Manchester),5
1551538800,Mar 02 2019 - 3:00pm,complete,31309,Wolverhampton Wanderers,Cardiff City,Andre Marriner,29,1.5,0.62,1.79,0.74,2,0,1,0,1,1.43,1.07,2.67,45,78,45,26,19,19,52,59,85,8.9,3.69,1.56,3.9,6.95,1.34,2.05,3.75,8,2.05,1.71,Molineux Stadium (Wolverhampton- West Midlands),2
1551547800,Mar 02 2019 - 5:30pm,complete,59910,West Ham United,Newcastle United,Chris Kavanagh,29,1.5,0.92,1.63,1.05,2,0,1,2,2,1.53,1.02,2.47,56,67,48,33,11,37,59,33,71,9.74,3.19,2.2,3.3,3.5,1.34,2.05,3.7,6.85,1.83,1.95,London Stadium (London),2
1551614400,Mar 03 2019 - 12:00pm,complete,20062,Watford,Leicester City,Jonathan Moss,29,1.54,1.29,1.42,1.32,1,0,1,4,0,1.34,1.38,2.74,59,78,56,22,11,30,67,41,89,10.71,3.33,2.65,3.3,2.75,1.29,1.91,3.3,6,1.71,2.1,Vicarage Road (Watford),3
1551621900,Mar 03 2019 - 2:05pm,complete,24900,Fulham,Chelsea,Graham Scott,29,1.15,1.69,1.11,1.58,1,2,1,1,0,1.64,1.54,3.16,50,89,66,31,20,46,77,50,89,10.84,3.54,6.75,4.45,1.49,1.23,1.71,2.8,4.8,1.87,1.91,Craven Cottage (London),3
1551629700,Mar 03 2019 - 4:15pm,complete,39335,Everton,Liverpool,Martin Atkinson,29,1.5,2.21,1.79,2.32,0,0,1,0,0,1.49,1.49,2.65,54,83,47,25,4,32,64,43,83,11.93,2.64,6.2,4,1.59,1.27,1.83,3.15,6,1.91,1.87,Goodison Park (Liverpool),0
1552134600,Mar 09 2019 - 12:30pm,complete,24972,Crystal Palace,Brighton & Hove Albion,Craig Pawson,30,0.93,0.57,1.05,0.68,0,1,0,1,2,1.58,1.1,2.29,43,68,39,22,4,18,75,33,79,11.71,3.21,1.91,3.35,4.85,1.45,2.4,4.65,9.25,2.15,1.69,Selhurst Park (London),3
1552143600,Mar 09 2019 - 3:00pm,complete,32458,Cardiff City,West Ham United,Graham Scott,30,1.13,1.07,1.05,1.11,1,0,1,1,1,1.26,1.13,2.82,45,80,55,27,17,38,69,48,80,8.37,3.87,3.25,3.4,2.3,1.27,1.87,3.2,6.1,1.69,2.1,Cardiff City Stadium (Cardiff (Caerdydd)),2
1552143600,Mar 09 2019 - 3:00pm,complete,22304,Huddersfield Town,AFC Bournemouth,Anthony Taylor,30,0.53,0.64,0.47,0.84,0,1,1,2,0,1.28,1.32,2.68,35,77,56,25,11,49,83,35,77,10.19,2.74,3.25,3.25,2.4,1.37,2.15,3.9,8,1.87,1.91,John Smith's Stadium (Huddersfield- West Yorkshire),2
1552143600,Mar 09 2019 - 3:00pm,complete,32017,Leicester City,Fulham,David Coote,30,1.21,0.13,1.42,0.26,1,0,0,0,0,1.59,1.05,2.75,52,83,55,27,14,45,87,31,72,8.66,4.02,1.57,4.4,6.05,1.21,1.67,2.65,4.65,1.74,2.05,King Power Stadium (Leicester- Leicestershire),4
1552143600,Mar 09 2019 - 3:00pm,complete,52242,Newcastle United,Everton,Lee Mason,30,1.27,1.07,1.32,1.05,0,2,1,2,0,1.35,1.28,2.42,45,72,55,15,4,24,55,52,77,10.79,3.9,2.8,3.1,2.85,1.43,2.35,4.5,9,2,1.8,St. James' Park (Newcastle upon Tyne),5
1552143600,Mar 09 2019 - 3:00pm,complete,31890,Southampton,Tottenham Hotspur,Kevin Friend,30,1.07,2.2,1.21,1.74,0,1,2,2,0,1.46,1.39,2.96,62,87,66,25,14,35,62,55,69,10.03,4.23,4.5,3.85,1.83,1.26,1.8,3.05,5.5,1.74,2.05,St. Mary's Stadium (Southampton- Hampshire),3
1552152600,Mar 09 2019 - 5:30pm,complete,54104,Manchester City,Watford,Paul Tierney,30,2.8,1.33,2.84,1.21,0,0,1,0,1,2.21,1.21,3.5,57,90,67,47,27,47,87,54,87,12.33,3.13,1.11,11.25,24.5,1.08,1.31,1.8,2.8,2.3,1.59,Etihad Stadium (Manchester),4
1552219200,Mar 10 2019 - 12:00pm,complete,53310,Liverpool,Burnley,Andre Marriner,30,2.71,0.87,2.79,0.89,2,1,1,1,0,2,1,3.05,42,73,59,45,25,39,70,42,72,10.34,3.46,1.17,7.75,19.75,1.14,1.48,2.2,3.75,2.3,1.59,Anfield (Liverpool),6
1552226700,Mar 10 2019 - 2:05pm,complete,40692,Chelsea,Wolverhampton Wanderers,Michael Oliver,30,2.21,1.36,2.21,1.21,0,0,0,1,1,1.69,1.35,2.43,50,75,40,25,11,29,64,32,90,10.21,3.14,1.54,4.1,7,1.29,1.91,3.3,6.2,2,1.77,Stamford Bridge (London),2
1552235400,Mar 10 2019 - 4:30pm,complete,60000,Arsenal,Manchester United,Jonathan Moss,30,2.53,1.93,2.37,1.58,1,0,1,1,0,1.59,1.42,3.23,64,90,60,47,17,50,80,57,80,10.53,4.4,2.4,3.5,3,1.21,1.67,2.65,4.65,1.54,2.4,Emirates Stadium (London),2
1552748400,Mar 16 2019 - 3:00pm,complete,10625,AFC Bournemouth,Newcastle United,Mike Dean,31,1.67,0.86,1.53,1.05,0,1,2,1,1,1.32,1.02,2.5,52,76,48,24,10,38,62,31,69,8.43,3.93,2.1,3.45,3.55,1.29,1.91,3.25,6.05,1.74,2.05,Vitality Stadium (Bournemouth- Dorset),4
1552748400,Mar 16 2019 - 3:00pm,complete,20719,Burnley,Leicester City,Michael Oliver,31,1.21,1.2,1.21,1.32,1,1,1,0,2,1.29,1.37,2.97,66,83,56,35,10,39,76,52,76,9.87,3.31,3.05,3.25,2.45,1.31,1.95,3.5,6.5,1.74,2.05,Turf Moor (Burnley),3
1552748400,Mar 16 2019 - 3:00pm,complete,59931,West Ham United,Huddersfield Town,Jonathan Moss,31,1.6,0.43,1.63,0.37,1,2,0,0,0,1.51,1.11,2.76,48,72,48,38,14,42,66,38,76,10,3.39,1.59,3.95,6.35,1.34,2.05,3.7,6,2.05,1.71,London Stadium (London),7
1552832100,Mar 17 2019 - 2:15pm,complete,25043,Fulham,Liverpool,Craig Pawson,31,1.07,2.13,1.11,2.32,0,1,0,2,1,1.62,1.46,2.71,56,83,49,21,15,32,73,42,80,11.51,3.34,3.9,4.85,1.51,1.15,1.44,2.2,4,2,1.74,Craven Cottage (London),3
1552840200,Mar 17 2019 - 4:30pm,complete,39356,Everton,Chelsea,Anthony Taylor,31,1.47,1.79,1.79,1.58,0,0,0,1,1,1.47,1.56,2.9,48,83,63,31,7,49,66,45,80,11,2.83,4.3,3.6,1.87,1.3,1.95,3.35,6.5,1.8,1.95,Goodison Park (Liverpool),2
1553949000,Mar 30 2019 - 12:30pm,complete,25001,Fulham,Manchester City,Kevin Friend,32,1,2.07,1.11,2.32,0,2,0,2,0,1.56,1.66,2.89,52,86,55,24,17,38,83,42,83,13.26,3.93,19.5,11.25,1.12,1.07,1.26,1.69,2.45,2,1.77,Craven Cottage (London),2
1553958000,Mar 30 2019 - 3:00pm,complete,30636,Brighton & Hove Albion,Southampton,Michael Oliver,32,1.57,0.8,1.21,0.84,0,0,1,0,0,1.27,1.31,2.58,55,69,48,31,14,38,62,37,76,9.11,3.73,2.55,3.1,3.1,1.44,2.35,4.55,8.5,2,1.8,The American Express Community Stadium (Falmer- East Sussex),1
1553958000,Mar 30 2019 - 3:00pm,complete,20990,Burnley,Wolverhampton Wanderers,Chris Kavanagh,32,1.13,1.33,1.21,1.21,1,0,0,1,0,1.29,1.29,2.67,64,83,50,27,4,40,70,40,80,8.87,3.8,3.15,3.15,2.5,1.44,2.35,4.55,8.75,2,1.8,Turf Moor (Burnley),2
1553958000,Mar 30 2019 - 3:00pm,complete,25193,Crystal Palace,Huddersfield Town,Lee Probert,32,0.87,0.4,1.05,0.37,0,0,0,0,0,1.57,1.13,2.4,40,67,37,23,10,24,64,37,80,11.8,3.27,1.51,4.1,7.75,1.36,2.1,3.85,6.05,2.2,1.65,Selhurst Park (London),2
1553958000,Mar 30 2019 - 3:00pm,complete,31530,Leicester City,AFC Bournemouth,Lee Mason,32,1.33,0.8,1.42,0.84,1,0,0,0,0,1.63,1.32,2.93,47,90,60,30,14,50,87,40,83,11.6,3.26,1.8,3.9,4.6,1.21,1.67,2.65,4.55,1.65,2.2,King Power Stadium (Leicester- Leicestershire),2
1553958000,Mar 30 2019 - 3:00pm,complete,74543,Manchester United,Watford,Stuart Attwell,32,2.07,1.25,1.89,1.21,1,0,0,1,1,1.8,1.16,3.15,68,87,65,44,24,34,73,57,81,11.13,3.96,1.44,4.75,7.5,1.2,1.62,2.6,4.45,1.8,2,Old Trafford (Manchester),3
1553967000,Mar 30 2019 - 5:30pm,complete,59988,West Ham United,Everton,Paul Tierney,32,1.69,1,1.63,1.05,0,2,0,1,1,1.51,1.26,2.93,55,71,58,42,16,36,61,52,81,10.67,3.83,2.55,3.4,2.9,1.25,1.77,2.95,5.4,1.62,2.25,London Stadium (London),2
1554037500,Mar 31 2019 - 1:05pm,complete,32657,Cardiff City,Chelsea,Craig Pawson,32,1.25,1.67,1.05,1.58,0,0,0,2,1,1.29,1.57,3,42,81,68,29,19,43,68,52,81,9.88,3.35,9.25,4.9,1.39,1.24,1.77,2.95,5.3,2.05,1.71,Cardiff City Stadium (Cardiff (Caerdydd)),3
1554046200,Mar 31 2019 - 3:30pm,complete,53322,Liverpool,Tottenham Hotspur,Martin Atkinson,32,2.73,2.06,2.79,1.74,1,0,0,0,0,2,1.41,3.36,48,84,68,36,26,46,78,55,74,12.01,2.81,1.59,4.25,6.1,1.21,1.67,2.65,4.35,1.71,2.05,Anfield (Liverpool),3
1554145200,Apr 01 2019 - 7:00pm,complete,59869,Arsenal,Newcastle United,Anthony Taylor,32,2.56,0.87,2.37,1.05,1,0,0,2,0,1.58,1.04,2.6,55,81,42,29,13,39,65,45,74,9.61,3.68,1.39,5.2,9,1.17,1.54,2.35,4.25,1.74,2.05,Emirates Stadium (London),2
1554230700,Apr 02 2019 - 6:45pm,complete,17301,Watford,Fulham,Roger East,33,1.64,0.13,1.42,0.26,1,1,1,2,0,1.32,1.03,2.92,54,87,67,29,13,34,76,44,84,7.58,3.61,1.77,3.85,5.2,1.24,1.77,2.95,5.3,1.74,2.05,Vicarage Road (Watford),5
1554230700,Apr 02 2019 - 6:45pm,complete,31302,Wolverhampton Wanderers,Manchester United,Mike Dean,33,1.6,1.81,1.79,1.58,1,1,0,1,2,1.43,1.43,2.99,52,91,51,35,13,45,77,52,81,9.71,4.49,4,3.55,2.05,1.33,2.05,3.65,8.25,1.87,1.91,Molineux Stadium (Wolverhampton- West Midlands),3
1554317100,Apr 03 2019 - 6:45pm,complete,38593,Chelsea,Brighton & Hove Albion,Graham Scott,27,2.13,0.73,2.21,0.68,1,0,0,0,0,1.71,1.08,2.7,54,80,50,30,14,30,77,44,84,9.87,3,1.3,5.55,12.5,1.26,1.8,3.05,5.65,2.35,1.56,Stamford Bridge (London),3
1554317100,Apr 03 2019 - 6:45pm,complete,59215,Tottenham Hotspur,Crystal Palace,Andre Marriner,31,2,1.33,2,1.53,0,0,1,0,0,1.62,1.2,2.99,62,76,59,45,17,14,80,62,83,9.43,3.34,1.5,4.45,6.95,1.2,1.62,2.6,4.5,1.74,2.05,Tottenham Hotspur Stadium (London),2
1554317100,Apr 03 2019 - 6:45pm,complete,53559,Manchester City,Cardiff City,Jonathan Moss,33,2.81,0.57,2.84,0.74,2,0,0,0,2,2.23,1.1,3.28,53,79,69,46,26,35,69,57,86,11.63,2.52,1.07,15.75,31,1.05,1.22,1.57,2.3,2.4,1.54,Etihad Stadium (Manchester),2
1554490800,Apr 05 2019 - 7:00pm,complete,31797,Southampton,Liverpool,Paul Tierney,33,1.2,2.19,1.21,2.32,1,1,0,2,0,1.45,1.5,2.46,62,81,56,20,4,20,62,49,71,11.26,3.78,9,5.3,1.38,1.21,1.67,2.65,4.55,2,1.8,St. Mary's Stadium (Southampton- Hampshire),4
1554559200,Apr 06 2019 - 2:00pm,complete,10446,AFC Bournemouth,Burnley,Martin Atkinson,33,1.63,0.81,1.53,0.89,1,2,1,1,2,1.32,0.98,3,53,79,60,41,19,31,63,44,78,8.25,4.51,2.1,3.5,3.65,1.25,1.8,3,5.75,1.67,2.15,Vitality Stadium (Bournemouth- Dorset),4
1554559200,Apr 06 2019 - 2:00pm,complete,24126,Huddersfield Town,Leicester City,David Coote,33,0.5,1.31,0.47,1.32,0,1,2,1,0,1.26,1.34,2.38,50,66,44,16,7,35,78,29,76,10.06,3.44,5.55,4,1.65,1.31,1.95,3.5,5.55,2,1.77,John Smith's Stadium (Huddersfield- West Yorkshire),5
1554559200,Apr 06 2019 - 2:00pm,complete,51926,Newcastle United,Crystal Palace,Stuart Attwell,33,1.38,1.25,1.32,1.53,0,0,0,1,1,1.38,1.17,2.82,54,85,56,25,16,22,66,60,79,10,3.56,2.55,3.15,3,1.42,2.25,4.3,7.5,1.95,1.83,St. James' Park (Newcastle upon Tyne),1
1554642300,Apr 07 2019 - 1:05pm,complete,39400,Everton,Arsenal,Kevin Friend,33,1.56,1.36,1.79,1.32,1,0,0,1,2,1.48,1.27,3.27,72,87,62,44,21,58,71,44,87,9.89,3.17,3.05,3.5,2.3,1.21,1.69,2.7,4.8,1.57,2.35,Goodison Park (Liverpool),1
1554750000,Apr 08 2019 - 7:00pm,complete,40537,Chelsea,West Ham United,Chris Kavanagh,33,2.19,1,2.21,1.11,1,0,0,2,1,1.72,1.13,2.55,42,84,42,26,10,29,68,45,84,9.79,2.93,1.28,6.25,12.75,1.16,1.54,2.35,3.75,2,1.77,Stamford Bridge (London),2
1555095600,Apr 12 2019 - 7:00pm,complete,32108,Leicester City,Newcastle United,Chris Kavanagh,34,1.44,0.81,1.42,1.05,0,1,1,1,0,1.63,1.01,2.32,53,75,44,19,6,41,76,25,69,9.44,3.75,1.69,3.7,5.5,1.3,1.95,3.35,7,1.87,1.91,King Power Stadium (Leicester- Leicestershire),1
1555155000,Apr 13 2019 - 11:30am,complete,58308,Tottenham Hotspur,Huddersfield Town,Lee Mason,34,2.07,0.38,2,0.37,2,0,0,2,1,1.7,1.16,2.78,49,71,49,36,13,29,72,52,81,9.78,2.89,1.24,6.3,15.5,1.2,1.65,2.6,5,2.2,1.65,Tottenham Hotspur Stadium (London),4
1555164000,Apr 13 2019 - 2:00pm,complete,30460,Brighton & Hove Albion,AFC Bournemouth,Kevin Friend,34,1.47,0.75,1.21,0.84,0,1,0,3,1,1.26,1.3,2.73,42,77,52,33,13,39,74,35,87,10.24,3.06,2.25,3.25,3.5,1.34,2.05,3.75,7,1.83,1.95,The American Express Community Stadium (Falmer- East Sussex),5
1555164000,Apr 13 2019 - 2:00pm,complete,21480,Burnley,Cardiff City,Mike Dean,34,1.25,0.53,1.21,0.74,1,0,2,0,1,1.25,1.06,2.77,52,81,55,33,13,35,67,49,68,8.25,3.36,1.87,3.6,4.55,1.33,2,3.6,8,1.87,1.87,Turf Moor (Burnley),2
1555164000,Apr 13 2019 - 2:00pm,complete,24971,Fulham,Everton,Lee Probert,34,0.94,1.13,1.11,1.05,0,0,0,2,1,1.49,1.31,2.94,57,82,56,28,19,41,72,50,81,9.94,4.31,4.85,4.1,1.71,1.2,1.65,2.6,5,1.67,2.15,Craven Cottage (London),2
1555164000,Apr 13 2019 - 2:00pm,complete,31708,Southampton,Wolverhampton Wanderers,Jonathan Moss,34,1.13,1.25,1.21,1.21,2,1,0,1,2,1.42,1.26,2.5,66,82,50,22,3,28,63,41,82,9.69,4.63,2.6,3.15,3.05,1.43,2.3,4.4,11,1.95,1.8,St. Mary's Stadium (Southampton- Hampshire),4
1555173000,Apr 13 2019 - 4:30pm,complete,74478,Manchester United,West Ham United,Graham Scott,34,2.13,0.94,1.89,1.11,1,0,1,0,0,1.76,1.12,2.86,59,88,59,33,14,32,74,53,84,10.08,3.55,1.42,4.95,7.75,1.16,1.51,2.3,4,1.69,2.1,Old Trafford (Manchester),3
1555247100,Apr 14 2019 - 1:05pm,complete,25721,Crystal Palace,Manchester City,Martin Atkinson,34,1,2.13,1.05,2.32,0,1,0,0,0,1.57,1.69,2.18,32,72,36,17,4,17,68,36,77,15.57,3.11,10,5.6,1.33,1.17,1.56,2.4,3.75,1.83,1.95,Selhurst Park (London),4
1555255800,Apr 14 2019 - 3:30pm,complete,53279,Liverpool,Chelsea,Michael Oliver,34,2.75,1.75,2.79,1.58,0,0,0,0,1,1.96,1.56,3.22,44,85,72,38,19,47,76,53,78,12.38,2.5,1.77,3.8,5.25,1.28,1.87,3.25,5.5,1.83,1.95,Anfield (Liverpool),2
1555354800,Apr 15 2019 - 7:00pm,complete,20480,Watford,Arsenal,Craig Pawson,34,1.73,1.27,1.42,1.32,0,1,1,2,0,1.34,1.25,3.24,74,87,73,37,23,50,77,44,90,9,3.86,3.35,3.75,2.15,1.19,1.61,2.5,4.33,1.54,2.4,Vicarage Road (Watford),1
1555440300,Apr 16 2019 - 6:45pm,complete,30226,Brighton & Hove Albion,Cardiff City,Andre Marriner,31,1.38,0.5,1.21,0.74,0,1,0,0,0,1.24,1.07,2.41,44,63,44,28,16,22,60,35,75,8.75,3.94,1.95,3.25,4.65,1.42,2.3,4.35,9,2,1.77,The American Express Community Stadium (Falmer- East Sussex),2
1555759800,Apr 20 2019 - 11:30am,complete,54489,Manchester City,Tottenham Hotspur,Michael Oliver,35,2.82,1.94,2.84,1.74,1,0,0,1,0,2.28,1.4,3.56,59,91,77,39,24,47,80,62,85,13,2.52,1.25,6.55,11.25,1.12,1.42,2.05,3.4,1.77,2,Etihad Stadium (Manchester),1
1555768800,Apr 20 2019 - 2:00pm,complete,10511,AFC Bournemouth,Fulham,David Coote,35,1.53,0.12,1.53,0.26,0,0,0,1,0,1.3,1.07,3.18,56,88,65,44,18,38,80,44,79,7.88,3.88,1.69,4.15,4.75,1.17,1.56,2.4,4.33,1.59,2.3,Vitality Stadium (Bournemouth- Dorset),1
1555768800,Apr 20 2019 - 2:00pm,complete,23957,Huddersfield Town,Watford,Roger East,35,0.47,1.18,0.47,1.21,0,1,2,0,1,1.25,1.22,2.56,47,74,47,24,12,32,79,36,71,9.3,4,4.1,3.6,1.91,1.28,1.87,3.25,6,1.77,2,John Smith's Stadium (Huddersfield- West Yorkshire),3
1555768800,Apr 20 2019 - 2:00pm,complete,59960,West Ham United,Leicester City,Lee Probert,35,1.59,1.41,1.63,1.32,1,0,0,2,0,1.47,1.38,3,62,76,53,38,18,38,74,44,80,11.41,3.12,3.1,3.45,2.3,1.21,1.69,2.7,5,1.56,2.35,London Stadium (London),4
1555768800,Apr 20 2019 - 2:00pm,complete,31096,Wolverhampton Wanderers,Brighton & Hove Albion,Craig Pawson,35,1.69,0.69,1.79,0.68,0,0,0,0,1,1.4,1.05,2.78,50,88,51,22,10,35,79,50,85,8.88,3.69,1.77,3.4,5.6,1.44,2.35,4.55,10,2.15,1.67,Molineux Stadium (Wolverhampton- West Midlands),0
1555777800,Apr 20 2019 - 4:30pm,complete,52191,Newcastle United,Southampton,Anthony Taylor,35,1.29,0.94,1.32,0.84,2,0,0,0,1,1.41,1.29,2.55,46,76,52,19,13,37,58,49,73,10.68,3.34,2.5,3.05,3.15,1.42,2.25,4.3,8.25,1.91,1.83,St. James' Park (Newcastle upon Tyne),4
1555849800,Apr 21 2019 - 12:30pm,complete,39395,Everton,Manchester United,Paul Tierney,35,1.65,1.71,1.79,1.58,2,0,1,0,0,1.51,1.43,2.95,56,82,56,38,9,50,77,41,76,10.35,4,3.15,3.4,2.35,1.27,1.87,3.2,5.5,1.69,2.1,Goodison Park (Liverpool),4
1555858800,Apr 21 2019 - 3:00pm,complete,59929,Arsenal,Crystal Palace,Jonathan Moss,35,2.59,1.35,2.37,1.53,0,1,1,3,0,1.55,1.14,3.03,56,88,47,38,21,24,68,62,88,9.88,3.82,1.48,4.65,6.55,1.17,1.54,2.35,4,1.67,2.15,Emirates Stadium (London),5
1555858800,Apr 21 2019 - 3:00pm,complete,33082,Cardiff City,Liverpool,Martin Atkinson,35,1.18,2.24,1.05,2.32,0,0,0,1,0,1.28,1.51,2.68,50,76,56,24,15,27,65,50,79,10.77,3.29,15.5,7.25,1.19,1.16,1.53,2.3,4,2.2,1.65,Cardiff City Stadium (Cardiff (Caerdydd)),2
1555959600,Apr 22 2019 - 7:00pm,complete,40642,Chelsea,Burnley,Kevin Friend,35,2.24,0.94,2.21,0.89,2,2,0,2,1,1.73,1,2.8,47,77,50,38,21,30,62,44,82,9.53,3.47,1.23,6.6,15,1.19,1.61,2.5,4.33,2.3,1.59,Stamford Bridge (London),4
1556045100,Apr 23 2019 - 6:45pm,complete,19170,Watford,Southampton,Mike Dean,31,1.63,0.88,1.42,0.84,0,1,2,3,2,1.32,1.29,2.79,55,79,61,27,16,39,64,49,82,9.63,3.88,2.3,3.45,3.35,1.26,1.83,3.1,5.5,1.67,2.15,Vicarage Road (Watford),2
1556045100,Apr 23 2019 - 6:45pm,complete,56251,Tottenham Hotspur,Brighton & Hove Albion,Chris Kavanagh,33,2.13,0.71,2,0.68,0,0,0,1,1,1.7,1.02,2.7,52,73,58,34,6,24,85,52,79,8.97,3.01,1.29,5.7,13.5,1.22,1.71,2.8,5.15,2.2,1.62,Tottenham Hotspur Stadium (London),1
1556131500,Apr 24 2019 - 6:45pm,complete,31436,Wolverhampton Wanderers,Arsenal,Stuart Attwell,31,1.65,1.38,1.79,1.32,3,0,1,1,3,1.46,1.28,3.02,61,85,52,34,22,49,74,46,82,9.96,3.57,2.85,3.45,2.6,1.3,1.95,3.35,6,1.74,2.05,Molineux Stadium (Wolverhampton- West Midlands),4
1556132400,Apr 24 2019 - 7:00pm,complete,74431,Manchester United,Manchester City,Andre Marriner,31,2.19,2.19,1.89,2.32,0,0,1,1,2,1.74,1.71,2.91,60,85,66,35,16,31,78,54,82,14.32,3.26,6.75,4.7,1.5,1.19,1.62,2.55,4.5,1.71,2.05,Old Trafford (Manchester),2
1556305200,Apr 26 2019 - 7:00pm,complete,53249,Liverpool,Huddersfield Town,Kevin Friend,36,2.76,0.35,2.79,0.37,3,0,0,0,0,1.95,1.14,3.18,41,79,56,41,24,47,74,50,79,11.47,2.59,1.07,14.5,42.75,1.07,1.26,1.67,2.5,2.65,1.45,Anfield (Liverpool),5
1556364600,Apr 27 2019 - 11:30am,complete,60043,Tottenham Hotspur,West Ham United,Anthony Taylor,36,2.18,0.88,2,1.11,0,0,0,0,1,1.73,1.14,2.56,44,77,47,30,3,24,76,50,82,9.65,3.06,1.42,5.15,7.5,1.17,1.56,2.4,4,1.77,2,Tottenham Hotspur Stadium (London),1
1556373600,Apr 27 2019 - 2:00pm,complete,25789,Crystal Palace,Everton,Lee Mason,36,0.94,1.06,1.05,1.05,0,0,1,1,0,1.53,1.3,2.33,41,68,41,24,6,15,56,50,82,11.94,3.47,2.75,3.35,2.7,1.29,1.91,3.3,6,1.71,2.1,Selhurst Park (London),0
1556373600,Apr 27 2019 - 2:00pm,complete,23822,Fulham,Cardiff City,Chris Kavanagh,36,1.06,0.65,1.11,0.74,0,0,0,0,0,1.49,1.06,2.77,47,83,47,24,21,33,71,44,77,9.12,3.94,2.4,3.6,3,1.24,1.77,2.95,5,1.62,2.2,Craven Cottage (London),1
1556373600,Apr 27 2019 - 2:00pm,complete,31310,Southampton,AFC Bournemouth,Graham Scott,36,1.24,0.88,1.21,0.84,1,2,2,0,1,1.42,1.31,3.12,53,94,68,38,15,41,77,53,83,10.36,3.76,1.95,3.75,4.05,1.22,1.71,2.8,4.5,1.65,2.2,St. Mary's Stadium (Southampton- Hampshire),6
1556373600,Apr 27 2019 - 2:00pm,complete,20323,Watford,Wolverhampton Wanderers,Simon Hooper,36,1.59,1.18,1.42,1.21,0,1,0,3,0,1.32,1.27,2.5,59,79,50,18,6,29,68,33,91,9.42,4.42,2.65,3.25,2.85,1.37,2.15,3.9,9,1.87,1.91,Vicarage Road (Watford),3
1556382600,Apr 27 2019 - 4:30pm,complete,30587,Brighton & Hove Albion,Newcastle United,Mike Dean,36,1.29,0.94,1.21,1.05,0,1,1,1,2,1.25,1.02,2.21,47,62,38,24,9,30,65,24,71,8.29,3.7,2.25,3.2,3.6,1.44,2.35,4.55,10,2,1.77,The American Express Community Stadium (Falmer- East Sussex),2
1556449200,Apr 28 2019 - 11:00am,complete,32037,Leicester City,Arsenal,Michael Oliver,36,1.35,1.29,1.42,1.32,0,0,1,2,2,1.62,1.26,2.94,68,79,59,36,18,53,88,30,77,9.94,3.88,2.7,3.55,2.6,1.19,1.61,2.5,4.5,1.51,2.5,King Power Stadium (Leicester- Leicestershire),3
1556456700,Apr 28 2019 - 1:05pm,complete,21605,Burnley,Manchester City,Paul Tierney,36,1.35,2.24,1.21,2.32,0,0,0,1,0,1.29,1.69,2.77,47,88,53,30,6,38,79,44,74,12.23,3.24,17.5,8.25,1.17,1.14,1.47,2.2,3.5,2.25,1.61,Turf Moor (Burnley),1
1556465400,Apr 28 2019 - 3:30pm,complete,74526,Manchester United,Chelsea,Martin Atkinson,36,2.06,1.65,1.89,1.58,1,1,1,2,0,1.69,1.52,3.03,59,88,74,33,15,35,65,65,85,10.76,3.18,2.65,3.35,2.8,1.29,1.91,3.3,6,1.71,2.1,Old Trafford (Manchester),2
1556910000,May 03 2019 - 7:00pm,complete,39303,Everton,Burnley,Chris Kavanagh,37,1.72,0.94,1.79,0.89,2,0,0,0,1,1.52,0.99,2.89,50,75,53,42,14,42,61,42,75,9.45,3.66,1.69,3.95,5.65,1.25,1.8,3,5.5,1.77,2,Goodison Park (Liverpool),2
1556969400,May 04 2019 - 11:30am,complete,10630,AFC Bournemouth,Tottenham Hotspur,Craig Pawson,37,1.44,1.83,1.53,1.74,0,0,0,1,4,1.31,1.38,3.03,56,83,64,28,14,33,70,50,78,9.56,3.84,5.5,4.45,1.61,1.16,1.54,2.35,3.8,1.62,2.25,Vitality Stadium (Bournemouth- Dorset),1
1556978400,May 04 2019 - 2:00pm,complete,59961,West Ham United,Southampton,Stuart Attwell,37,1.56,0.89,1.63,0.84,1,0,0,1,0,1.46,1.29,2.95,56,78,53,42,17,44,67,47,75,10.67,3.33,2.3,3.55,3.15,1.21,1.69,2.7,4.5,1.57,2.35,London Stadium (London),3
1556978400,May 04 2019 - 2:00pm,complete,30456,Wolverhampton Wanderers,Fulham,Jonathan Moss,37,1.72,0.28,1.79,0.26,0,0,1,0,2,1.44,1.1,2.89,47,86,50,33,17,39,72,47,81,8.89,3.61,1.5,4.35,7.25,1.25,1.8,3,5.5,1.95,1.83,Molineux Stadium (Wolverhampton- West Midlands),1
1556987400,May 04 2019 - 4:30pm,complete,32133,Cardiff City,Crystal Palace,Michael Oliver,37,1.11,1.44,1.05,1.53,1,2,0,0,0,1.25,1.17,3.09,53,81,59,36,28,22,64,62,86,8.61,3.77,2.55,3.6,2.75,1.27,1.87,3.2,5,1.71,2.1,Cardiff City Stadium (Cardiff (Caerdydd)),5
1556995500,May 04 2019 - 6:45pm,complete,52206,Newcastle United,Liverpool,Andre Marriner,37,1.39,2.28,1.32,2.32,1,2,1,0,0,1.41,1.53,2.36,47,78,50,14,3,25,61,50,75,12.39,2.83,9,5.15,1.37,1.24,1.77,2.95,4.65,2.1,1.69,St. James' Park (Newcastle upon Tyne),5
1557061200,May 05 2019 - 1:00pm,complete,40650,Chelsea,Watford,Paul Tierney,37,2.17,1.28,2.21,1.21,0,0,0,0,0,1.79,1.23,2.84,53,86,50,33,17,28,73,50,81,10.77,3.33,1.3,6.05,10.5,1.16,1.51,2.3,3.74,1.87,1.91,Stamford Bridge (London),3
1557061200,May 05 2019 - 1:00pm,complete,24263,Huddersfield Town,Manchester United,Lee Mason,37,0.44,1.61,0.47,1.58,0,1,0,1,1,1.25,1.4,2.73,50,75,58,31,9,47,89,33,73,8.84,4.34,10.75,5.9,1.3,1.19,1.61,2.5,5,2.1,1.69,John Smith's Stadium (Huddersfield- West Yorkshire),2
1557070200,May 05 2019 - 3:30pm,complete,59965,Arsenal,Brighton & Hove Albion,Anthony Taylor,37,2.44,0.67,2.37,0.68,1,0,1,4,1,1.57,1,2.84,53,83,50,31,14,31,78,50,84,9.56,3.72,1.29,5.8,12.25,1.2,1.62,2.6,4.25,2.1,1.69,Emirates Stadium (London),2
1557169200,May 06 2019 - 7:00pm,complete,54506,Manchester City,Leicester City,Mike Dean,37,2.83,1.39,2.84,1.32,0,0,2,1,1,2.24,1.39,3.39,64,84,67,45,23,42,84,53,89,13.61,2.34,1.19,7.75,14.5,1.09,1.34,1.87,2.75,1.8,1.95,Etihad Stadium (Manchester),1
1557669600,May 12 2019 - 2:00pm,complete,30662,Brighton & Hove Albion,Manchester City,Michael Oliver,38,1.28,2.28,1.21,2.32,1,2,0,0,0,1.25,1.7,2.39,42,70,42,25,9,25,70,31,81,12.56,3.5,15.25,7.5,1.18,1.14,1.47,2.15,4.33,2.1,1.71,The American Express Community Stadium (Falmer- East Sussex),5
1557669600,May 12 2019 - 2:00pm,complete,21461,Burnley,Arsenal,Mike Dean,38,1.28,1.22,1.21,1.32,0,0,3,2,0,1.24,1.23,3.17,67,86,64,42,17,53,81,42,78,8.61,3.5,3.15,3.75,2.2,1.17,1.54,2.35,5,1.49,2.55,Turf Moor (Burnley),4
1557669600,May 12 2019 - 2:00pm,complete,25433,Crystal Palace,AFC Bournemouth,Roger East,38,0.94,0.89,1.05,0.84,3,1,0,3,0,1.48,1.31,2.7,33,81,48,31,14,25,73,48,86,12.06,2.66,1.87,4.05,3.85,1.16,1.51,2.3,3.9,1.5,2.5,Selhurst Park (London),8
1557669600,May 12 2019 - 2:00pm,complete,24979,Fulham,Newcastle United,Kevin Friend,38,1.17,0.94,1.11,1.05,0,2,0,1,0,1.47,1,2.53,53,78,42,20,14,39,73,33,72,8.95,3.83,2.6,3.5,2.65,1.22,1.69,2.75,6,1.57,2.35,Craven Cottage (London),4
1557669600,May 12 2019 - 2:00pm,complete,32140,Leicester City,Chelsea,Anthony Taylor,38,1.44,1.61,1.42,1.58,0,0,0,0,1,1.68,1.52,2.64,47,84,59,20,6,42,72,42,75,10.78,3.62,2.45,3.6,2.8,1.21,1.67,2.65,5.5,1.56,2.4,King Power Stadium (Leicester- Leicestershire),0
1557669600,May 12 2019 - 2:00pm,complete,53331,Liverpool,Wolverhampton Wanderers,Martin Atkinson,38,2.78,1.28,2.79,1.21,1,0,0,0,0,1.96,1.27,2.92,50,81,53,34,17,39,75,42,86,11.89,3,1.32,5.8,9,1.18,1.57,2.45,4.75,1.95,1.83,Anfield (Liverpool),2
1557669600,May 12 2019 - 2:00pm,complete,74457,Manchester United,Cardiff City,Jonathan Moss,38,2,0.61,1.89,0.74,0,1,1,2,1,1.67,1.1,2.72,56,78,56,31,20,25,64,53,78,9.77,3.5,1.28,6.2,10,1.12,1.41,2,3.6,1.74,2.05,Old Trafford (Manchester),2
1557669600,May 12 2019 - 2:00pm,complete,30367,Southampton,Huddersfield Town,Lee Probert,38,1.22,0.33,1.21,0.37,1,0,0,0,0,1.46,1.11,3.06,59,84,61,39,17,45,67,53,78,9.5,4,1.41,4.9,7.5,1.19,1.61,2.5,4.75,1.8,2,St. Mary's Stadium (Southampton- Hampshire),2
1557669600,May 12 2019 - 2:00pm,complete,60124,Tottenham Hotspur,Everton,Andre Marriner,38,2.06,1.06,2,1.05,1,0,0,0,0,1.71,1.32,2.53,44,64,50,34,9,23,61,56,81,10.39,3.23,2.1,3.5,3.55,1.22,1.71,2.8,6,1.59,2.3,Tottenham Hotspur Stadium (London),4
1557669600,May 12 2019 - 2:00pm,complete,20067,Watford,West Ham United,Chris Kavanagh,38,1.5,1,1.42,1.11,0,2,0,2,0,1.3,1.18,2.56,50,83,53,17,6,28,72,42,86,9,4.11,2.2,3.7,3.1,1.16,1.54,2.35,4,1.48,2.55,Vicarage Road (Watford),5
